Title,Team,Rating,Number of Reviews,Genres,Plays,Playing,Active Users
Elden Ring,Bandai Namco Entertainment,4.5,3900,Adventure,17000,3800,0.22
Hades,Supergiant Games,4.3,2900,Adventure,21000,3200,0.15
The Legend of Zelda: Breath of the Wild,Nintendo,4.4,4300,Adventure,30000,2500,0.08
Undertale,tobyfox,4.2,3500,Adventure,28000,679,0.02
Hollow Knight,Team Cherry,4.4,3000,Adventure,21000,2400,0.11
Minecraft,Mojang Studios,4.3,2300,Adventure,33000,1800,0.05
Omori,OMOCAT,4.2,1600,Adventure,7200,1100,0.15
Metroid Dread,Nintendo,4.3,2100,Adventure,9200,759,0.08
Among Us,InnerSloth,3.0,867,Indie,25000,470,0.02
NieR: Automata,PlatinumGames,4.3,2900,Brawler,18000,1100,0.06
Persona 5 Royal,Atlus USA,4.4,2700,Adventure,12000,2300,0.19
Stray,BlueTwelve Studio,3.7,1500,Adventure,7700,801,0.1
God of War,Sony Interactive Entertainment,4.2,2900,Adventure,21000,1100,0.05
Portal 2,Valve,4.4,2900,Adventure,29000,471,0.02
Bloodborne,FromSoftware,4.5,3400,Adventure,17000,1100,0.06
Celeste,Extremely OK Games,4.2,2800,Adventure,20000,1200,0.06
Yakuza 0,Ryū Ga Gotoku Studios,4.4,2700,Adventure,15000,1800,0.12
Red Dead Redemption 2,Take-Two Interactive,4.4,2900,Adventure,19000,1700,0.09
Portal,Valve,4.1,2000,Platform,28000,244,0.01
Super Mario Odyssey,Nintendo,4.2,2900,Adventure,25000,710,0.03
Pokémon Legends: Arceus,Nintendo,3.7,1600,Adventure,9100,1600,0.18
Hi-Fi Rush,Tango Gameworks,4.3,926,Adventure,3000,866,0.29
Metal Gear Rising: Revengeance,Konami,4.1,2100,Adventure,14000,492,0.04
Grand Theft Auto V,Rockstar North,3.8,2100,Adventure,30000,829,0.03
Cyberpunk 2077,CD Projekt RED,3.3,1500,Adventure,13000,1500,0.12
God of War Ragnarök,Sony Interactive Entertainment,4.4,1700,Adventure,5300,801,0.15
Xenoblade Chronicles 3,Monolith Soft,4.4,1400,Adventure,3900,795,0.2
Kirby and the Forgotten Land,HAL Laboratory,4.2,1600,Adventure,5900,955,0.16
Disco Elysium: The Final Cut,ZA/UM,4.6,1100,Adventure,6000,1200,0.2
Marvel's Spider-Man,Insomniac Games,4.1,2500,Adventure,21000,577,0.03
Dark Souls III,Bandai Namco Entertainment,4.2,2400,Adventure,19000,851,0.04
NieR Replicant ver.1.22474487139...,Toylogic,4.2,1500,Adventure,6700,880,0.13
Super Mario 64,Nintendo,4.1,2600,Adventure,21000,463,0.02
Super Smash Bros. Ultimate,Sora,4.1,2500,Fighting,25000,1200,0.05
Cuphead,Studio MDHR,4.1,1900,Arcade,18000,1200,0.07
Sekiro: Shadows Die Twice,FromSoftware,4.4,2300,Adventure,14000,919,0.07
Final Fantasy VII,Square,4.2,2900,Adventure,15000,1100,0.07
Persona 4 Golden,NIS America,4.2,1900,Adventure,13000,1500,0.12
Genshin Impact,miHoYo,2.6,653,Adventure,14000,2700,0.19
Signalis,rose-engine,4.2,820,Adventure,2200,419,0.19
Resident Evil Village,Capcom,3.9,1800,Adventure,9900,333,0.03
Super Mario Galaxy,Nintendo EAD,4.3,2700,Adventure,21000,468,0.02
Fallout: New Vegas,Obsidian Entertainment,4.3,2000,RPG,16000,756,0.05
Outer Wilds,Mobius Digital,4.6,1800,Adventure,7700,661,0.09
Resident Evil 2,Capcom,4.3,2500,Adventure,15000,585,0.04
Doom,id Software,4.0,1800,Shooter,18000,541,0.03
Shin Megami Tensei V,Atlus,3.8,1100,Adventure,4100,1000,0.24
Bayonetta,Nex Entertainment,3.9,1700,Brawler,13000,614,0.05
Stardew Valley,ConcernedApe,4.1,1700,Indie,20000,2000,0.1
The Last of Us Part II,Naughty Dog,4.1,2500,Adventure,13000,472,0.04
Silent Hill 2,Team Silent,4.5,2200,Adventure,8600,282,0.03
The Witcher 3: Wild Hunt,WB Games,4.3,2000,Adventure,17000,1200,0.07
Persona 5,Atlus,4.1,1800,Adventure,16000,630,0.04
Doom Eternal,Bethesda Softworks,4.2,1900,Shooter,12000,738,0.06
The Elder Scrolls V: Skyrim,Bethesda Game Studios,3.7,1700,Adventure,22000,589,0.03
Neon White,Ben Esposito,4.1,868,Indie,2900,519,0.18
Devil May Cry 5,Capcom,4.3,1900,Adventure,12000,524,0.04
Overwatch 2,Blizzard Entertainment,2.7,491,Shooter,6600,1100,0.17
Resident Evil 4,Capcom,4.3,2300,Shooter,14000,360,0.03
Final Fantasy VII Remake,Square Enix,4.1,2000,Adventure,12000,898,0.07
Sonic Frontiers,Sega,3.6,974,Adventure,2900,491,0.17
Inscryption,Devolver Digital,4.1,1000,Adventure,5400,557,0.1
Tunic,Andrew Shouldice,3.9,891,Adventure,3400,489,0.14
Dark Souls,FromSoftware,4.3,2100,Adventure,14000,447,0.03
The Legend of Zelda: Ocarina of Time,Nintendo,4.3,2200,Adventure,17000,433,0.03
Deltarune: Chapter 2,8-4,4.3,737,Adventure,7500,222,0.03
Chrono Trigger,Square,4.5,1900,Adventure,9100,518,0.06
Metal Gear Solid 2: Sons of Liberty,Konami Computer Entertainment Japan,4.4,1800,Adventure,10000,161,0.02
Super Mario World,Nintendo,4.2,2100,Adventure,18000,218,0.01
Death Stranding,Sony Interactive Entertainment,3.9,1600,Adventure,9400,934,0.1
Marvel's Spider-Man: Miles Morales,Insomniac Games,3.9,1600,Adventure,9900,372,0.04
Dark Souls: Remastered,Bandai Namco Entertainment,4.3,1400,Adventure,11000,786,0.07
EarthBound,Nintendo,4.2,1900,Adventure,9000,600,0.07
Castlevania: Symphony of the Night,Konami,4.4,1900,Adventure,9100,316,0.03
Super Metroid,Nintendo R&D1,4.3,2200,Adventure,11000,309,0.03
Super Mario Bros.,Nintendo,3.5,1500,Adventure,18000,59,0.0
The Legend of Zelda: Majora's Mask,Nintendo,4.4,2200,Adventure,13000,347,0.03
Star Wars Jedi: Fallen Order,Respawn Entertainment,3.7,1400,Adventure,13000,740,0.06
The Last of Us,Naughty Dog,4.2,2000,Adventure,17000,205,0.01
Terraria,Re-Logic,4.0,1300,Adventure,18000,673,0.04
Resident Evil 7: Biohazard,Capcom,3.9,1800,Adventure,13000,326,0.03
Metal Gear Solid V: The Phantom Pain,Konami,3.8,1500,Adventure,14000,503,0.04
Overwatch,Blizzard Entertainment,3.2,957,Shooter,19000,436,0.02
Half-Life 2,Sierra Entertainment,4.2,1700,Shooter,15000,257,0.02
Fire Emblem: Three Houses,"Intelligent Systems Co., Ltd.",4.0,1700,Adventure,12000,1100,0.09
Grand Theft Auto: San Andreas,Rockstar Games,4.1,1500,Adventure,19000,270,0.01
13 Sentinels: Aegis Rim,Vanillaware,4.4,1200,Adventure,3700,466,0.13
Persona 3 FES,Atlus,4.1,1400,RPG,8400,584,0.07
Devil May Cry,Capcom Production Studio 4,3.5,1200,Brawler,10000,286,0.03
Mario Kart 8 Deluxe,Nintendo of America,4.0,1500,Arcade,19000,705,0.04
Fire Emblem Engage,Nintendo,3.9,593,Adventure,1600,874,0.55
Pokémon Violet,Game Freak,3.5,753,Adventure,3400,868,0.26
Hotline Miami,Dennaton Games,4.0,1400,Arcade,14000,217,0.02
Pizza Tower,Tour De Pizza,4.5,363,Indie,1200,325,0.27
Psychonauts 2,Xbox Game Studios,4.2,1200,Adventure,4300,315,0.07
Metroid Prime Remastered,Nintendo,4.5,372,Adventure,1100,593,0.54
Halo Infinite,Xbox Game Studios,3.3,972,Adventure,6400,632,0.1
Batman: Arkham Asylum,Eidos Interactive,3.9,1400,Adventure,17000,232,0.01
Super Mario Sunshine,Nintendo EAD,3.7,1700,Adventure,14000,403,0.03
Mother 3,HAL Laboratory,4.5,1600,RPG,5700,287,0.05
MultiVersus,Player First Games,2.8,480,Fighting,5600,341,0.06
Xenoblade Chronicles: Definitive Edition,Monolith Soft,4.3,1400,RPG,7400,849,0.11
Half-Life,Sierra Entertainment,4.0,1300,Adventure,13000,322,0.02
Marvel's Guardians of the Galaxy,Square Enix,3.8,1100,Adventure,5100,432,0.08
Danganronpa: Trigger Happy Havoc,NIS America,3.5,1000,Adventure,12000,311,0.03
Cult of the Lamb,Devolver Digital,3.6,589,Adventure,2800,546,0.2
Sonic Mania,PagodaWest Games,4.0,1300,Adventure,12000,399,0.03
Horizon Zero Dawn,Guerrilla Games,3.6,1200,Adventure,13000,689,0.05
Left 4 Dead 2,Turtle Rock Studios,3.9,1100,Shooter,19000,279,0.01
League of Legends,GOA Games Services Ltd.,2.1,484,MOBA,13000,1200,0.09
Control,505 Games,3.6,1300,Adventure,9600,591,0.06
Doki Doki Literature Club!,Team Salvato,3.3,783,Adventure,14000,131,0.01
Batman: Arkham City,DC Entertainment,4.1,1600,Adventure,16000,192,0.01
Yakuza Kiwami,Sega,3.7,1200,Adventure,9700,439,0.05
Phoenix Wright: Ace Attorney,Nintendo Australia,4.1,1300,Adventure,12000,418,0.03
Team Fortress 2,Electronic Arts,3.9,955,Shooter,16000,505,0.03
Xenoblade Chronicles 2,Monolith Soft,3.9,1400,Adventure,7400,453,0.06
Splatoon 3,Nintendo,4.1,840,Platform,3500,1000,0.29
Chrome Dino,Google,3.5,124,Arcade,14000,122,0.01
Katana Zero,Askiisoft,4.1,1100,Adventure,9300,189,0.02
Life is Strange,DON,3.4,1400,Adventure,15000,209,0.01
Dark Souls II: Scholar of the First Sin,Bandai Namco Entertainment,3.5,988,Adventure,11000,443,0.04
Deathloop,Bethesda Softworks,3.5,897,Adventure,4200,389,0.09
Shadow of the Colossus,"Sony Computer Entertainment, Inc. (SCEI)",4.4,1500,Adventure,10000,134,0.01
Teenage Mutant Ninja Turtles: Shredder's Revenge,DotEmu,3.8,880,Arcade,3500,226,0.06
Sifu,Sloclap,3.8,633,Brawler,2700,283,0.1
Super Mario Bros. 3,Nintendo R&D4,4.0,1600,Platform,14000,109,0.01
Dishonored,Arkane Studios,3.9,1100,Adventure,14000,268,0.02
Metal Gear Solid 3: Snake Eater,Konami Computer Entertainment Japan,4.5,1500,Adventure,9200,118,0.01
Journey,Sony Computer Entertainment,3.9,1500,Adventure,12000,94,0.01
Kingdom Hearts,Square,3.6,1300,Adventure,12000,266,0.02
Titanfall 2,Respawn Entertainment,4.1,1300,Adventure,12000,163,0.01
Doom,Activision,4.0,1400,Shooter,11000,203,0.02
Live A Live,Square Enix,4.1,555,RPG,1100,235,0.21
The Last of Us Remastered,Naughty Dog,4.3,1100,Adventure,12000,258,0.02
Sonic the Hedgehog,Sonic Team,3.1,1100,Platform,12000,60,0.01
Rocket League,Psyonix,3.4,917,Indie,17000,564,0.03
Batman: Arkham Knight,Rocksteady Studios,3.7,1200,Adventure,13000,279,0.02
Bayonetta 3,PlatinumGames,3.7,690,Brawler,1600,235,0.15
Disco Elysium,ZA/UM,4.6,1100,Adventure,4000,478,0.12
Guilty Gear: Strive,Bandai Namco Studios,3.9,810,Fighting,5500,713,0.13
Wii Sports,Nintendo,3.7,775,Simulator,18000,39,0.0
Hogwarts Legacy,Portkey Games,3.5,474,Adventure,1400,766,0.55
Mario Kart Wii,Nintendo,3.9,1000,Racing,19000,88,0.0
Resident Evil 3,K2,3.2,1300,Adventure,8400,157,0.02
Unpacking,Witch Beam,3.6,751,Indie,4900,216,0.04
Red Dead Redemption,Rockstar Games,4.2,1500,Adventure,13000,218,0.02
Tales of Arise,Bandai Namco Entertainment,3.6,650,Adventure,3100,571,0.18
Deltarune: Chapter 1,8-4,3.9,591,Adventure,11000,107,0.01
Dead Space,Motive Studios,4.3,501,Adventure,1300,248,0.19
Tomb Raider,Square Enix,3.5,896,Adventure,15000,175,0.01
Super Mario Galaxy 2,Nintendo EAD,4.3,1800,Adventure,13000,123,0.01
Donkey Kong Country,Rare,3.9,1300,Adventure,11000,186,0.02
What Remains of Edith Finch,Annapurna Interactive,4.0,1400,Adventure,8600,61,0.01
Monster Hunter Rise,Capcom,4.0,789,Adventure,5700,1100,0.19
Pokémon Emerald,Nintendo,4.0,1200,Adventure,16000,219,0.01
NEO: The World Ends with You,Square Enix,4.2,725,Brawler,2500,357,0.14
Assassin's Creed II,Ubisoft Montreal,3.8,1300,Adventure,16000,140,0.01
Pokémon Scarlet,Nintendo,3.5,596,Adventure,2600,580,0.22
Dead Space,EA Redwood Shores,4.0,1200,Shooter,9600,302,0.03
New Super Mario Bros.,Nintendo,3.5,991,Adventure,16000,108,0.01
Shadow of the Colossus,Sony Interactive Entertainment,4.1,1100,Adventure,7800,242,0.03
Horizon Forbidden West,Guerrilla Games,3.8,830,Adventure,2700,561,0.21
God of War,SCE Santa Monica Studio,3.6,981,Adventure,11000,158,0.01
Detroit: Become Human,Quantic Dream,3.5,1000,Adventure,11000,216,0.02
Final Fantasy XV,Square Enix,3.3,1100,Adventure,11000,374,0.03
Persona 5 Strikers,Omega Force,3.7,993,Adventure,5100,779,0.15
Limbo,Microsoft Game Studios,3.5,965,Adventure,13000,129,0.01
Pokémon Platinum,Nintendo,4.1,1400,Adventure,14000,254,0.02
Stranger of Paradise: Final Fantasy Origin,Team NINJA,3.6,607,Adventure,1600,180,0.11
Killer7,Capcom,4.3,1200,Adventure,2800,237,0.08
Grand Theft Auto IV,Rockstar North,3.8,1100,Adventure,14000,258,0.02
Metroid: Zero Mission,Nintendo R&D1,4.0,1200,Adventure,7500,148,0.02
Final Fantasy X,Square Electronic Arts,4.1,1500,Adventure,8500,330,0.04
Danganronpa 2: Goodbye Despair,NIS America,3.9,972,Adventure,9900,288,0.03
Final Fantasy IX,Square,4.3,1600,RPG,6800,350,0.05
Halo 3,Bungie,4.2,1600,Shooter,12000,101,0.01
Metroid Fusion,Nintendo,4.0,1300,Adventure,7900,146,0.02
Final Fantasy VI,Square Enix,4.4,1600,Adventure,6100,312,0.05
VA-11 Hall-A: Cyberpunk Bartender Action,Ysbryd Games,4.1,940,Adventure,5400,469,0.09
Dead Cells,Motion Twin,3.8,802,Adventure,9200,737,0.08
Far Cry 3,Ubisoft Entertainment,3.7,983,Adventure,14000,188,0.01
The Stanley Parable: Ultra Deluxe,Crows Crows Crows,4.1,592,Adventure,3200,141,0.04
SuperHot,IMGN.PRO,3.7,835,Fighting,12000,95,0.01
Plants vs. Zombies,PopCap Games,3.7,719,Puzzle,14000,117,0.01
Ori and the Blind Forest,Moon Studios,3.9,780,Adventure,7900,260,0.03
Demon's Souls,Bluepoint Games,3.9,880,Adventure,4100,403,0.1
A Plague Tale: Innocence,Focus Entertainment,3.7,852,Adventure,5400,202,0.04
The Legend of Zelda: Link's Awakening,Nintendo,3.9,1100,Adventure,7600,387,0.05
Assassin's Creed,Ubisoft Montreal,2.9,801,Adventure,13000,118,0.01
Judgment,Sega Games,4.1,890,Adventure,3100,358,0.12
Call of Duty: Black Ops,Activision,3.7,920,Shooter,14000,44,0.0
Ratchet & Clank: Rift Apart,Sony Interactive Entertainment,4.0,906,Adventure,3700,218,0.06
Pokémon Black,Nintendo,4.0,1000,Adventure,12000,186,0.02
The Stanley Parable,Galactic Cafe,3.8,767,Adventure,10000,46,0.0
The Legend of Zelda,Nintendo EAD,3.2,1200,Adventure,9300,132,0.01
AI: The Somnium Files - Nirvana Initiative,Spike ChunSoft,3.9,455,Adventure,1500,139,0.09
Ghost Trick: Phantom Detective,Capcom,4.4,830,Adventure,3600,149,0.04
Dragon Quest XI S: Echoes of an Elusive Age - Definitive Edition,Square Enix,4.2,880,Adventure,4700,748,0.16
Paper Mario: The Thousand-Year Door,Nintendo,4.4,1300,Adventure,6700,187,0.03
God of War II,"Sony Computer Entertainment, Inc. (SCEI)",4.0,936,Adventure,9300,89,0.01
Mass Effect 2,BioWare,4.3,1300,Adventure,9600,107,0.01
Forza Horizon 5,Playground Games,3.8,589,Racing,4600,589,0.13
Metal Gear Solid V: Ground Zeroes,Konami,3.3,650,Adventure,9500,53,0.01
No More Heroes III,Grasshopper Manufacture,3.9,604,Brawler,1600,109,0.07
Banjo-Kazooie,Microsoft Game Studios,4.0,1200,Adventure,7400,205,0.03
Astro's Playroom,SIE Japan Studio,4.0,914,Adventure,5700,82,0.01
Call of Duty: Black Ops II,Treyarch,3.8,903,Shooter,13000,57,0.0
The Legend of Zelda: Skyward Sword HD,Nintendo,3.8,639,Adventure,3700,444,0.12
Mega Man X,Rozner Labs Software Group,4.1,1200,Adventure,6900,76,0.01
Subnautica,Gearbox Publishing,3.8,712,Adventure,7200,335,0.05
Returnal,Housemarque,4.0,725,Shooter,2400,430,0.18
New Super Mario Bros. Wii,Nintendo,3.5,859,Adventure,13000,85,0.01
Citizen Sleeper,Fellow Traveller,4.1,492,Adventure,1200,131,0.11
Yakuza 3 Remastered,Ryū Ga Gotoku Studios,3.3,755,Adventure,4300,235,0.05
Garry's Mod,Facepunch Studios,3.8,478,Indie,12000,198,0.02
Wolfenstein: The New Order,MachineGames,3.6,794,Adventure,8400,149,0.02
Deus Ex,Aspyr Media,4.4,899,RPG,3800,189,0.05
BioShock 2,2K Marin,3.6,687,Adventure,9100,103,0.01
Soul Hackers 2,Sega,3.1,337,RPG,750,228,0.3
Enter the Gungeon,Dodge Roll,3.6,632,Adventure,8900,403,0.05
The House in Fata Morgana,Dramatic Create,4.4,544,Adventure,1700,250,0.15
Shovel Knight,Yacht Club Games,4.0,761,Adventure,8500,135,0.02
Firewatch,Panic,3.7,926,Adventure,7800,99,0.01
Dark Souls II,FromSoftware,3.3,815,Adventure,6700,128,0.02
Blasphemous,The Game Kitchen,3.7,647,Adventure,4200,399,0.1
Final Fantasy XIV Online,Square Enix,3.7,643,Adventure,5900,1100,0.19
Immortality,Half Mermaid,3.9,461,Indie,1200,95,0.08
Resident Evil 6,Capcom,2.5,888,Adventure,7800,189,0.02
Devil May Cry 3: Dante's Awakening,Capcom,4.2,909,Adventure,6100,116,0.02
The Last of Us Part I,Sony Interactive Entertainment,4.4,395,Adventure,1400,131,0.09
Super Meat Boy,BlitWorks,3.5,605,Adventure,10000,153,0.02
Mass Effect Legendary Edition,BioWare,4.5,581,Adventure,2800,596,0.21
Helltaker,Vanripper,3.3,419,Adventure,7500,59,0.01
Pokémon Sword,Game Freak,2.9,837,Adventure,9700,301,0.03
Crash Bandicoot N. Sane Trilogy,Activision,3.8,654,Adventure,7700,364,0.05
Tetris,Nintendo,4.1,688,Arcade,9600,54,0.01
Valorant,Riot Games,2.5,291,Shooter,8200,650,0.08
Super Mario 3D World,Nintendo,3.9,1100,Adventure,9600,93,0.01
Uncharted 3: Drake's Deception,Naughty Dog,3.6,941,Adventure,11000,60,0.01
Phoenix Wright: Ace Attorney - Trials and Tribulations,Capcom,4.4,995,Adventure,6600,172,0.03
Yume Nikki,Kikiyama,4.0,770,Adventure,4000,155,0.04
Max Payne,Gathering of Developers,3.9,786,Shooter,6300,102,0.02
Five Nights at Freddy's,Clickteam,2.9,460,Adventure,8400,46,0.01
Donkey Kong Country 2: Diddy's Kong Quest,Nintendo,4.2,1200,Adventure,6600,115,0.02
Pokémon White,Nintendo,4.1,814,Adventure,9000,115,0.01
Outlast,Red Barrels,3.3,547,Adventure,7500,90,0.01
Hitman 3,IO Interactive,4.1,702,Adventure,3300,242,0.07
Sable,Raw Fury,3.5,433,Adventure,1300,165,0.13
Super Smash Bros. for Wii U,Sora,3.5,684,Fighting,11000,17,0.0
Kirby's Adventure,HAL Laboratory,3.6,718,Platform,6000,61,0.01
Tekken 7,Bandai Namco Entertainment,3.8,663,Fighting,6600,247,0.04
Umineko: When They Cry Chiru,07th Expansion,4.6,324,Adventure,1700,108,0.06
Kingdom Hearts II Final Mix,Buena Vista Games,4.5,704,Adventure,4400,92,0.02
Superliminal,Pillow Castle Games,3.6,487,Adventure,3800,76,0.02
Death Stranding: Director's Cut,Kojima Productions,4.2,334,Adventure,1300,382,0.29
Persona 4,Atlus,4.0,815,RPG,5700,158,0.03
Wordle,Josh Wardle,3.2,118,Puzzle,3000,125,0.04
The Sims 4,Electronic Arts,3.0,458,RPG,8300,434,0.05
Far Cry 4,Ubisoft Montreal,3.2,558,Adventure,8500,90,0.01
Sonic Forces,Sega,1.9,650,Adventure,5000,42,0.01
To the Moon,Freebird Games,3.9,671,Adventure,4700,66,0.01
Baba is You,hempuli,4.0,545,Indie,4600,537,0.12
The Witcher 3: Wild Hunt - Game of the Year Edition,CD Projekt RED,4.5,475,Adventure,6000,410,0.07
Super Smash Bros.,Nintendo,3.4,688,Fighting,9800,20,0.0
Super Mario 64 DS,Nintendo EAD,3.6,614,Adventure,9100,65,0.01
Halo 4,343 Industries,3.0,674,Shooter,7600,57,0.01
Middle-earth: Shadow of Mordor,Monolith Productions,3.4,524,Adventure,8400,106,0.01
Mega Man 2,Capcom,3.6,857,Adventure,6100,34,0.01
Phoenix Wright: Ace Attorney Trilogy,Capcom,4.3,516,Adventure,4000,644,0.16
Infamous: Second Son,Sony Computer Entertainment,3.4,668,Adventure,7600,71,0.01
Star Wars: Knights of the Old Republic,BioWare,4.2,839,Adventure,5300,180,0.03
No More Heroes 2: Desperate Struggle,Ubisoft Entertainment,3.5,608,Adventure,3200,68,0.02
Kirby Super Star Ultra,Nintendo of Europe,4.3,743,Adventure,5800,47,0.01
"Flower, Sun, and Rain",Grasshopper Manufacture,4.3,466,Adventure,632,32,0.05
Katamari Damacy,Namco,4.2,939,Adventure,4100,60,0.01
Shadow the Hedgehog,Sega,2.4,584,Adventure,5600,45,0.01
Ōkami HD,Clover Studio,4.2,527,Adventure,3300,321,0.1
Metroid: Samus Returns,MercurySteam,3.6,674,Adventure,3900,149,0.04
Life is Strange: True Colors,Deck Nine,3.6,566,Adventure,2300,126,0.05
Pokémon Black Version 2,Game Freak,4.2,776,Adventure,7600,130,0.02
Needy Streamer Overload,Nintendo,3.5,216,Adventure,1200,105,0.09
Borderlands,2K Games,3.1,484,RPG,9100,98,0.01
Hollow Knight: Voidheart Edition,Team Cherry,4.5,462,Adventure,3900,295,0.08
Klonoa: Door to Phantomile,Namco,4.1,648,Platform,2200,63,0.03
Shadow of the Tomb Raider,Eidos Montréal,3.3,522,Adventure,4800,161,0.03
Mario & Luigi: Bowser's Inside Story,Nintendo,4.2,837,Platform,6600,95,0.01
Ghostrunner,One More Level,3.5,486,Adventure,3300,170,0.05
Watch Dogs 2,Ubisoft Montreal,3.3,554,Adventure,6600,125,0.02
Mass Effect 3,BioWare Edmonton,3.7,777,Adventure,7300,79,0.01
Goat Simulator,Coffee Stain Studios,2.4,337,Adventure,8400,22,0.0
The Elder Scrolls V: Skyrim - Special Edition,Bethesda Game Studios,4.0,439,Adventure,6500,374,0.06
Far Cry 5,Ubisoft Entertainment,3.0,558,Adventure,6600,169,0.03
Call of Duty: Modern Warfare 3,Sledgehammer Games,3.2,587,Adventure,10000,27,0.0
Friday Night Funkin',ninja_muffin99,2.8,203,Music,4500,67,0.01
Osu!,Dean ,3.1,187,Indie,7300,426,0.06
The Legend of Zelda: Twilight Princess,Nintendo,4.1,642,Adventure,6000,82,0.01
Bloodborne: The Old Hunters,FromSoftware,4.6,266,Adventure,4400,68,0.02
Fire Emblem Warriors: Three Hopes,Nintendo,3.6,360,Brawler,1100,305,0.28
Super Smash Bros. for Nintendo 3DS,Nintendo,3.3,545,Fighting,10000,23,0.0
The Legend of Heroes: Trails to Azure,Nihon Falcom,4.5,519,Adventure,1400,72,0.05
Super Mario RPG: Legend of the Seven Stars,Square,4.0,832,Adventure,4400,133,0.03
Astral Chain,PlatinumGames,3.6,568,Adventure,3600,210,0.06
DmC: Devil May Cry,Ninja Theory,3.0,432,Adventure,6300,62,0.01
Dragon Age: Origins,Electronic Arts,4.0,712,RPG,6100,148,0.02
Vagrant Story,Square,4.0,503,Adventure,1000,59,0.06
Amnesia: The Dark Descent,Frictional Games,3.5,525,Adventure,4700,86,0.02
Monster Hunter Rise: Sunbreak,Capcom,4.3,217,Brawler,1100,267,0.24
Super Mario Maker 2,Nintendo EPD,3.7,689,Platform,6600,114,0.02
Fire Emblem: The Blazing Blade,"Intelligent Systems Co., Ltd.",3.7,609,RPG,3900,158,0.04
LEGO Marvel Super Heroes,WB Games,3.6,522,Adventure,6000,65,0.01
Sonic Colors,SEGA of America,3.4,609,Adventure,5100,44,0.01
Pokémon Moon,The Pokémon Company,3.3,648,Adventure,7900,75,0.01
Zelda II: The Adventure of Link,Nintendo,2.6,756,Adventure,4500,55,0.01
Battlefield 4,EA Digital Illusions CE,3.5,431,Shooter,7100,72,0.01
Dragon Ball Z: Budokai Tenkaichi 3,Namco Bandai Games,3.9,435,Fighting,6600,32,0.0
WarioWare: Get It Together!,Intelligent Systems,3.5,399,Arcade,2200,59,0.03
Beyond: Two Souls,Quantic Dream,2.7,433,Adventure,5400,52,0.01
Digimon Survive,Bandai Namco Entertainment,3.4,167,Adventure,454,148,0.33
Spiritfarer,Thunder Lotus Games,3.9,513,Adventure,2300,352,0.15
Little Nightmares II,Tarsier Studios,4.0,569,Adventure,2500,78,0.03
The Evil Within 2,Tango Gameworks,3.7,541,Adventure,2700,76,0.03
Bloons TD 6,Ninja Kiwi,3.8,241,Strategy,4100,331,0.08
Sayonara Wild Hearts,Simogo,3.9,725,Adventure,3100,37,0.01
Metro 2033 Redux,Koch Media,3.6,363,Adventure,3900,108,0.03
Melty Blood: Type Lumina,Delightworks,3.6,194,Fighting,1800,159,0.09
Vampire Survivors,Poncle,3.7,836,Arcade,6100,944,0.15
Psychonauts,Double Fine Productions,4.0,1200,Adventure,7100,388,0.05
Fallout 4,Bethesda Game Studios,3.1,1000,RPG,16000,407,0.03
Uncharted 4: A Thief's End,Naughty Dog,4.1,1800,Adventure,14000,177,0.01
The Legend of Zelda: A Link to the Past,Nintendo EAD,4.1,1700,Adventure,13000,360,0.03
Silent Hill,Konami,4.1,1300,Adventure,6800,272,0.04
Super Smash Bros. Brawl,Nintendo,3.8,1300,Fighting,19000,51,0.0
Borderlands 2,Gearbox Software,3.5,1100,RPG,16000,344,0.02
No More Heroes,Grasshopper Manufacture,4.0,1200,Adventure,5600,280,0.05
Ghost of Tsushima,Sucker Punch Productions,4.1,1400,Adventure,8500,688,0.08
Sonic the Hedgehog 3 & Knuckles,Sega Technical Institute,4.2,839,Platform,6000,40,0.01
Resident Evil 2,Capcom,4.2,1100,Adventure,5500,54,0.01
Full Metal Daemon Muramasa,Nitroplus,4.3,229,Adventure,496,96,0.19
Soma,Frictional Games,4.0,764,Adventure,3900,122,0.03
The Binding of Isaac: Rebirth,"Nicalis, Inc.",4.0,492,Adventure,8200,334,0.04
Luigi's Mansion 3,Nintendo,3.8,800,Adventure,5600,313,0.06
Katamari Damacy Reroll,MONKEYCRAFT Co. Ltd,4.1,576,Adventure,4300,199,0.05
Mario Kart 7,Nintendo,3.5,593,Racing,10000,59,0.01
Castle Crashers,The Behemoth,3.6,487,Adventure,9400,94,0.01
Rain World,Videocult,4.1,411,Adventure,1100,170,0.15
Mario Party Superstars,Nintendo,3.7,517,Card & Board Game,3800,128,0.03
Bully,Rockstar Vancouver,3.9,635,Adventure,6700,80,0.01
Mario Kart 64,Nintendo,3.5,725,Racing,9700,21,0.0
Octopath Traveler II,Square Enix,4.4,253,RPG,258,271,1.05
Norco,Geography of Robots,3.9,386,Adventure,809,88,0.11
Resident Evil,Capcom,4.3,1000,Adventure,4000,93,0.02
Assassin's Creed Odyssey,Ubisoft Entertainment,3.4,772,Adventure,6800,435,0.06
Transistor,Supergiant Games,3.8,784,Adventure,5600,172,0.03
The Evil Within,Tango Gameworks,3.4,629,Adventure,4800,140,0.03
Metal: Hellsinger,Level Infinite,3.7,322,Adventure,1200,97,0.08
Halo: The Master Chief Collection,343 Industries,4.2,356,Shooter,5100,362,0.07
Pokémon Crystal,Game Freak,3.9,716,Adventure,7200,137,0.02
Uncharted: The Lost Legacy,Naughty Dog,3.8,758,Adventure,4700,51,0.01
Resident Evil 3: Nemesis,Capcom,3.8,849,Adventure,4300,56,0.01
Sea of Thieves,Rare,3.3,354,Adventure,5300,270,0.05
F.E.A.R.,Monolith Productions,3.8,564,Shooter,3600,65,0.02
Mafia: Definitive Edition,2K Games,3.7,420,Adventure,2700,101,0.04
NieR,Square Enix,4.2,743,Adventure,2900,67,0.02
The Walking Dead: Season Two,Telltale Games,3.5,559,Adventure,6700,35,0.01
Forspoken,Square Enix,2.3,211,Adventure,252,32,0.13
Max Payne 2: The Fall of Max Payne,Remedy Entertainment,4.1,553,Shooter,4100,37,0.01
Shin Megami Tensei: Devil Summoner - Soul Hackers,Atlus,3.8,470,Adventure,1200,153,0.13
Dusk,David Szymanski,4.0,487,Adventure,2500,154,0.06
The Elder Scrolls III: Morrowind,Bethesda Game Studios,4.0,549,Adventure,3700,150,0.04
Rollerdrome,Roll7,3.7,260,Adventure,431,57,0.13
Final Fantasy XVI,Square Enix,3.7,422,RPG,37,10,0.27
Pokémon Sun,The Pokémon Company,3.3,600,Adventure,7600,74,0.01
Yu-Gi-Oh! Master Duel,Konami,3.2,170,Card & Board Game,2100,235,0.11
Injustice: Gods Among Us,NetherRealm Studios,3.0,364,Adventure,7100,17,0.0
Pac-Man,Wiz,3.4,427,Arcade,5200,7,0.0
Final Fantasy X/X-2 HD Remaster,Virtuos,4.1,368,RPG,3200,281,0.09
Mortal Kombat X,NetherRealm Studios,3.3,430,Fighting,7100,43,0.01
Shin Megami Tensei: Digital Devil Saga,Atlus,4.1,657,RPG,2000,200,0.1
Star Wars: The Force Unleashed,THQ Wireless,3.2,417,Adventure,7400,50,0.01
Shovel Knight: Treasure Trove,Yacht Club Games,4.3,445,Adventure,3800,186,0.05
Ghost of Tsushima: Director's Cut,Sony Interactive Entertainment,4.2,345,Adventure,1800,257,0.14
Donkey Kong Country Returns,Retro Studios,3.9,521,Adventure,5300,67,0.01
Street Fighter III: 3rd Strike,Capcom,4.2,763,Arcade,3700,71,0.02
Return to Monkey Island,Terrible Toybox,4.0,237,Adventure,538,71,0.13
Deus Ex: Human Revolution,Square Enix,3.8,559,RPG,5800,65,0.01
Spyro Reignited Trilogy,Toys for Bob,3.9,552,Adventure,4500,282,0.06
Chicory: A Colorful Tale,Greg Lobanov,4.1,521,Adventure,984,126,0.13
Sin and Punishment,Treasure,4.0,459,Shooter,1100,34,0.03
Outer Wilds: Echoes of the Eye,Mobius Digital,4.5,238,Adventure,1600,121,0.08
New Super Mario Bros. 2,Nintendo,2.9,581,Adventure,6100,47,0.01
Wolfenstein II: The New Colossus,MachineGames,3.5,540,Adventure,4700,86,0.02
PokÃ©mon Diamond,Nintendo,3.6,581,Adventure,9300,52,0.01
Into the Breach,Subset Games,3.9,535,Card & Board Game,3400,132,0.04
Marvel Snap,Second Dinner,3.7,241,Card & Board Game,847,248,0.29
Nier: Automata - Game of the Yorha Edition,Square Enix,4.4,315,Adventure,2800,230,0.08
Five Nights at Freddy's 2,Clickteam,3.0,270,Adventure,5400,20,0.0
Mortal Kombat 11,Warner Bros. Interactive Entertainment,3.4,490,Fighting,5000,99,0.02
Witch on the Holy Night,TYPE-MOON,4.5,98,Adventure,244,104,0.43
Dying Light 2: Stay Human,Techland,3.1,290,Adventure,1400,176,0.13
Asura's Wrath,Capcom,3.7,432,Brawler,2100,65,0.03
Tales of Berseria,Bandai Namco Entertainment America,3.7,555,RPG,3300,293,0.09
Ender Lilies: Quietus of the Knights,Binary Haze Interactive,3.8,275,Adventure,1200,131,0.11
Moon: Remix RPG Adventure,ASCII Entertainment,4.4,572,Adventure,663,100,0.15
Prince of Persia: The Sands of Time,Ubisoft Entertainment,3.6,480,Adventure,5500,37,0.01
Assassin's Creed Syndicate,Ubisoft Entertainment,3.0,562,Adventure,5600,97,0.02
Sunset Overdrive,Insomniac Games,3.5,445,Adventure,3600,92,0.03
Metal Gear Solid: Peace Walker,Kojima Productions,3.5,498,Shooter,4000,68,0.02
Code Vein,Shift,3.0,325,Adventure,3300,230,0.07
Mario Strikers: Battle League,Next Level Games,2.7,248,Sport,932,35,0.04
Limbus Company,Project Moon,3.9,24,Adventure,104,95,0.91
Resident Evil Village: Winters' Expansion,Capcom,3.3,107,Shooter,477,11,0.02
Tony Hawk's Pro Skater 1+2,Activision,4.1,498,Simulator,2800,176,0.06
Need for Speed: Unbound,Criterion Games,3.5,84,Racing,294,74,0.25
Zero Escape: Zero Time Dilemma,Aksys Games,3.0,350,Adventure,2900,64,0.02
Deus Ex: Mankind Divided,Square Enix,3.5,387,Adventure,3400,72,0.02
Guitar Hero III: Legends of Rock,Neversoft Entertainment,3.9,489,Music,6900,21,0.0
Sid Meier's Civilization VI,Firaxis Games,3.7,343,Simulator,4600,211,0.05
Nioh 2,Koei Tecmo Games,4.0,365,Adventure,1400,150,0.11
Gears of War,Microsoft Game Studios,3.5,522,Shooter,5300,37,0.01
Final Fantasy Tactics,"Sony Computer Entertainment, Inc. (SCEI)",4.2,506,RPG,2100,73,0.03
Deltarune,tobyfox,4.3,313,Adventure,1300,83,0.06
Tekken 3,Namco,3.9,564,Fighting,4200,13,0.0
Far Cry 6,Ubisoft Toronto,2.7,298,Adventure,1600,157,0.1
Horizon Zero Dawn: Complete Edition,Sony Interactive Entertainment,3.8,327,Adventure,2900,212,0.07
Persona 4 Golden,Sega,4.4,53,Adventure,350,90,0.26
Death Stranding 2,Kojima Productions,3.7,105,Adventure,3,0,0.0
Xenosaga Episode I: Der Wille zur Macht,Monolith Soft,3.7,412,Adventure,1200,103,0.09
Everhood,Surefire.Games,3.8,317,Adventure,1400,76,0.05
Don't Starve Together,Klei Entertainment,3.4,227,Adventure,5200,173,0.03
South Park: The Fractured But Whole,Ubisoft Entertainment,3.7,369,Adventure,3500,79,0.02
God of War III: Remastered,Sony Computer Entertainment,4.0,323,Adventure,2700,40,0.01
Pokémon Ruby,Nintendo,3.7,494,Adventure,7000,33,0.0
Fire Emblem: The Sacred Stones,Nintendo,3.7,503,RPG,3700,124,0.03
Library of Ruina,Project Moon,4.4,151,Indie,454,120,0.26
Uncharted: The Nathan Drake Collection,Naughty Dog,4.1,363,Adventure,4300,137,0.03
Persona 3 Portable,Sega,4.0,39,Adventure,210,97,0.46
Pyre,Supergiant Games,4.0,484,Adventure,1800,74,0.04
Paladins,Hi-Rez Studios,2.6,167,Shooter,5200,110,0.02
Dead Space 3,Visceral Games,2.6,309,Adventure,3200,48,0.01
Devil May Cry HD Collection,Capcom,3.9,230,Brawler,2200,152,0.07
Bayonetta Origins: Cereza and the Lost Demon,PlatinumGames,4.0,116,Adventure,48,40,0.83
Armored Core,FromSoftware,3.4,197,Shooter,522,38,0.07
Persona 4 Arena Ultimax,Arc System Works,3.7,382,Fighting,2900,135,0.05
Wanted: Dead,Soleil,2.6,81,Adventure,100,15,0.15
Luigi's Mansion: Dark Moon,Nintendo,3.3,377,Adventure,4300,68,0.02
Gorogoa,Annapurna Interactive,3.8,386,Adventure,2000,31,0.02
Valkyrie Elysium,Square Enix,3.0,139,Brawler,218,32,0.15
Castlevania: Order of Ecclesia,Konami,4.0,483,Adventure,2000,75,0.04
Deadly Premonition,Access Games,3.9,431,Adventure,1400,48,0.03
LEGO Batman 2: DC Super Heroes,Feral Interactive,3.5,446,Adventure,4600,41,0.01
Lunistice,A Grumpy Fox,3.6,132,Adventure,305,17,0.06
Sonic Advance,Sega,3.2,446,Platform,4000,26,0.01
Metal Slug,SNK,3.6,353,Arcade,3800,11,0.0
Just Cause 3,Avalanche Studios,3.1,269,Adventure,4900,93,0.02
Suikoden II,Konami,4.4,433,RPG,1100,42,0.04
LittleBigPlanet,Media Molecule,3.6,405,Platform,6000,21,0.0
EarthBound Beginnings,Nintendo,3.2,395,Adventure,1800,90,0.05
Wario Land 3,Nintendo R&D1,3.8,284,Adventure,1200,67,0.06
Faith: The Unholy Trinity,New Blood Interactive,4.0,85,Adventure,253,37,0.15
Tales of Symphonia,Namco,3.9,512,RPG,2800,132,0.05
Final Fantasy VII,Square Enix,4.2,103,RPG,1200,89,0.07
The Dark Pictures Anthology: Man of Medan,Bandai Namco Entertainment,2.5,355,Adventure,2300,44,0.02
Saya no Uta,JAST USA,3.3,249,Visual Novel,1700,32,0.02
River City Girls,WayForward Technologies,3.6,279,Adventure,1900,96,0.05
Sonic Origins,Sega,3.4,121,Adventure,558,49,0.09
Kuru Kuru Kururin,Eighting,3.4,138,Arcade,439,33,0.08
Pikmin 2,Nintendo,4.1,530,Adventure,2700,53,0.02
Wonderful Everyday: Down the Rabbit-Hole,Frontwing,4.1,269,Adventure,982,127,0.13
Paper Mario: The Origami King,Nintendo,3.5,525,Adventure,2400,188,0.08
Conker's Bad Fur Day,Rare,3.6,426,Adventure,2700,39,0.01
Fire Emblem: Radiant Dawn,Nintendo,4.0,459,RPG,1800,69,0.04
Need for Speed: Heat,Electronic Arts,3.1,180,Adventure,1600,100,0.06
Skate 3,EA Black Box,4.0,318,Sport,4100,44,0.01
Braid,Number None Inc.,3.4,380,Adventure,3500,26,0.01
Metro 2033,4A Games,3.5,328,RPG,3700,49,0.01
Another Pokémon Game,3D: Doom Daddy Digital,3.0,19,Adventure,59,2,0.03
Super Mario Party,Nintendo,2.8,336,Card & Board Game,5300,34,0.01
Kentucky Route Zero,Cardboard Computer,4.1,474,Adventure,1200,128,0.11
The Legend of Zelda: Twilight Princess HD,Nintendo,4.2,447,Adventure,2500,91,0.04
We Love Katamari,NOW Production,4.3,429,Adventure,1400,38,0.03
Serial Experiments Lain,Pionner LDC,4.0,173,Adventure,397,29,0.07
Kirby's Dream Land 2,Nintendo,3.2,414,Platform,2300,41,0.02
Harvestella,Square Enix,3.4,103,Adventure,160,86,0.54
Dishonored: Death of the Outsider,Arkane Studios,3.6,328,Adventure,1800,41,0.02
Life is Strange 2,DON,3.3,421,Adventure,2600,107,0.04
Banjo-Tooie,Microsoft Game Studios,3.8,443,Adventure,3000,29,0.01
The Legend of Zelda: Oracle of Ages,Nintendo,3.7,512,Adventure,2800,60,0.02
Lobotomy Corporation,Project Moon,4.1,134,Indie,621,132,0.21
Saints Row 2,Volition,3.7,412,Adventure,3600,56,0.02
Castlevania: Bloodlines,Konami,3.7,447,Adventure,1800,25,0.01
Tiny Tina's Wonderlands,2K Games,3.4,224,Adventure,738,140,0.19
Utawarerumono: Mask of Truth,Aquaplus,4.4,182,Adventure,442,21,0.05
Hitman World of Assassination,Inlusio Interactive,4.6,38,Adventure,167,47,0.28
Just Cause 2,Avalanche Studios,3.2,302,Adventure,5100,36,0.01
Lies of P,NEOWIZ,3.7,175,RPG,5,0,0.0
Final Fantasy V,Square Enix,3.8,532,Adventure,2300,78,0.03
Jet Set Radio Future,Smilebit,4.3,448,Music,1400,47,0.03
Overcooked!,Ghost Town Games,3.5,376,Arcade,4600,76,0.02
Shin Megami Tensei IV: Apocalypse,Atlus USA,3.6,442,Adventure,1800,109,0.06
Muse Dash,X.D. Network Inc.,3.5,185,Indie,2700,247,0.09
Fire Emblem: Genealogy of the Holy War,"Intelligent Systems Co., Ltd.",4.0,468,RPG,1300,81,0.06
Judas,Ghost Story Games,3.7,90,Adventure,1,0,0.0
Half-Life: Opposing Force,Gearbox Software,3.7,298,Platform,3000,38,0.01
Bloodborne PSX,LW Media,3.5,106,Adventure,577,16,0.03
Prototype,Activision,3.0,225,Adventure,4500,30,0.01
Pokémon Gold,Nintendo,3.8,495,Adventure,5500,29,0.01
Valheim,Iron Gate AB,3.6,210,Adventure,2500,261,0.1
Your Turn To Die: Death Game By Majority,Nankidai,4.1,221,Adventure,1300,241,0.19
Gal Guardians: Demon Purge,Inti Creates,3.4,39,Adventure,69,8,0.12
Mortal Shell,Playstack,2.7,192,Indie,847,30,0.04
Kingdom Come: Deliverance,Deep Silver,3.6,238,Adventure,1800,110,0.06
Live A Live,Square,4.2,307,RPG,555,36,0.06
Sleeping Dogs: Definitive Edition,Square Enix,3.8,250,Adventure,2600,64,0.02
Resident Evil 4: Ultimate HD Edition,Capcom Production Studio 4,4.4,148,Adventure,889,56,0.06
LEGO Builder's Journey,Light Brick Studio,3.2,138,Adventure,484,22,0.05
Guilty Gear Xrd: Rev 2,Arc System Works,4.1,379,Fighting,3000,118,0.04
Super Kiwi 64,Siactro,3.4,79,Adventure,239,5,0.02
Infamous 2,Sucker Punch Productions,3.7,409,Adventure,4400,21,0.0
Fallout 3: Game of the Year Edition,Bethesda Game Studios,3.6,188,Adventure,2600,67,0.03
Melatonin,Half Asleep,3.7,104,Arcade,185,28,0.15
Gungrave G.O.R.E,Iggymob,2.1,85,Adventure,186,13,0.07
Like a Dragon Gaiden: The Man Who Erased His Name,Ryū Ga Gotoku Studios,3.7,118,Adventure,2,1,0.5
Garten of Banban,Euphoric Brothers,1.2,26,Adventure,130,1,0.01
Hitman: Blood Money,IO Interactive,4.0,414,Shooter,3200,37,0.01
Professor Layton and the Unwound Future,Level-5,4.3,378,Point-and-Click,2400,33,0.01
The Dark Pictures Anthology: The Devil in Me,Supermassive Games,2.9,123,Adventure,332,20,0.06
Donkey Kong Country: Tropical Freeze,Nintendo,4.2,373,Platform,2100,91,0.04
Fire Emblem: Thracia 776,"Intelligent Systems Co., Ltd.",4.1,329,RPG,820,65,0.08
Moonlighter,Digital Sun Games,3.2,280,Adventure,2200,134,0.06
Pikmin 3,Nintendo EAD Software Development Group No.4,4.0,388,Adventure,2700,39,0.01
Five Nights at Freddy's 4,Scottgames,2.8,199,Adventure,3300,13,0.0
Chaos;Head Noah,5pb.,4.0,84,Adventure,199,73,0.37
Nier: Automata - The End of Yorha Edition,Square Enix,4.5,68,Adventure,370,59,0.16
Phoenix Wright: Ace Attorney - Spirit of Justice,Capcom,3.7,402,Adventure,2400,96,0.04
Crysis,Crytek Frankfurt,3.2,224,Adventure,3000,26,0.01
Fallout Shelter,Bethesda Game Studios,2.4,172,RPG,5300,44,0.01
Sonic and the Secret Rings,Sega,1.9,362,Platform,3100,18,0.01
FTL: Faster Than Light,Subset Games,3.8,325,Indie,3800,64,0.02
Mario Party 2,Hudson Soft,3.7,348,Card & Board Game,3900,11,0.0
Attack of the Friday Monsters! A Tokyo Tale,Level-5,3.7,178,Adventure,393,22,0.06
Animal Crossing,Nintendo,3.9,533,Simulator,3900,51,0.01
Fire Emblem Fates: Revelation,"Intelligent Systems Co., Ltd.",2.3,296,RPG,2500,52,0.02
Bloodstained: Curse of the Moon,Inti Creates,3.6,341,Adventure,2300,41,0.02
Final Fantasy XIII-2,Square Enix,3.3,482,Adventure,2300,58,0.03
Agar.io,Miniclip.com,2.2,81,Indie,4400,8,0.0
Fatal Frame II: Crimson Butterfly,"Tecmo Co., Ltd.",4.2,398,Adventure,1000,38,0.04
World of Warcraft,Blizzard Entertainment,3.5,369,Adventure,4500,115,0.03
The Legend of Heroes: Trails of Cold Steel II,NIS America,3.7,401,Adventure,1700,45,0.03
Gang Beasts,Boneloaf,3.1,207,Fighting,3200,30,0.01
Armored Core 3,Agetec,3.7,115,Shooter,297,19,0.06
Star Wars: The Force Unleashed II,LucasArts,2.8,242,Adventure,4100,18,0.0
Fortnite,Epic Games,2.8,827,Adventure,17000,926,0.05
Fall Guys,Devolver Digital,3.0,874,Indie,16000,654,0.04
It Takes Two,Hazelight Studios,4.2,1300,Adventure,8100,999,0.12
BioShock,2K Games,4.0,1800,Adventure,17000,339,0.02
Metal Gear Solid,Microsoft,4.2,1900,Adventure,12000,287,0.02
Yakuza: Like a Dragon,Sega,4.3,1600,Adventure,6000,847,0.14
Animal Crossing: New Horizons,Nintendo EPD,3.6,1600,Simulator,20000,1800,0.09
BioShock Infinite,Irrational Games,3.5,1500,Adventure,18000,197,0.01
Guilty Gear: Strive,Bandai Namco Studios,3.9,810,Fighting,5500,714,0.13
Mirror's Edge,Electronic Arts,3.5,788,Adventure,12000,117,0.01
Bayonetta 2,PlatinumGames,4.1,1100,Brawler,6000,154,0.03
Sonic Generations,Sonic Team,3.8,1100,Adventure,9900,133,0.01
Shin Megami Tensei: Nocturne,Atlus,4.2,1100,RPG,4100,358,0.09
Death's Door,Devolver Digital,3.8,738,Adventure,3300,292,0.09
Devil May Cry 3: Dante's Awakening - Special Edition,Capcom,4.4,852,Adventure,6500,176,0.03
Assassin's Creed IV Black Flag,Ubisoft Montreal,3.7,1200,Adventure,13000,211,0.02
The Legend of Zelda: Twilight Princess,Nintendo,4.0,899,Adventure,10000,228,0.02
Crisis Core: Final Fantasy VII - Reunion,Square Enix,3.8,409,RPG,1300,284,0.22
Metroid Prime,Nintendo,4.3,1400,Adventure,6800,221,0.03
Sonic the Hedgehog 2,Sonic Team,3.7,1200,Adventure,10000,56,0.01
Metal Gear Solid 4: Guns of the Patriots,Kojima Productions,3.9,1200,Adventure,7700,94,0.01
Atomic Heart,Mundfish,3.0,363,Adventure,983,241,0.25
Minecraft,Mojang Studios,4.2,571,Adventure,11000,509,0.05
Resident Evil 5,Capcom,3.1,1000,Adventure,10000,176,0.02
The World Ends with You,Square Enix,4.2,1000,Arcade,5200,256,0.05
A Hat in Time,Humble Bundle,4.0,898,Adventure,7200,320,0.04
Scorn,Ebb Software,3.0,348,Adventure,1400,100,0.07
Fire Emblem: Awakening,"Intelligent Systems Co., Ltd.",3.8,1200,Adventure,9500,287,0.03
Cuphead: The Delicious Last Course,Studio MDHR,4.3,398,Adventure,2200,154,0.07
Ori and the Will of the Wisps,Moon Studios,4.3,1200,Adventure,6000,263,0.04
Mass Effect,BioWare,3.8,1000,RPG,10000,172,0.02
Return of the Obra Dinn,3909,4.3,1000,Adventure,4700,195,0.04
Kingdom Hearts III,Square Enix,3.5,1100,Adventure,8100,206,0.03
Fallout 3,ZeniMax Media,3.4,894,RPG,12000,162,0.01
Uncharted: Drake's Fortune,Naughty Dog,3.1,882,Adventure,12000,98,0.01
"Zero Escape: Nine Hours, Nine Persons, Nine Doors",Chunsoft,4.2,949,Adventure,6100,162,0.03
Lost Judgment,Ryū Ga Gotoku Studios,4.3,790,Adventure,1700,192,0.11
Super Mario 3D Land,Nintendo EAD,3.5,1000,Platform,12000,146,0.01
Gris,Nomada Studio,3.6,911,Adventure,6600,227,0.03
Silent Hill 3,Konami,4.2,1100,Adventure,4900,156,0.03
Call of Duty: Modern Warfare 2,Infinity Ward,3.8,1000,Shooter,14000,34,0.0
The Walking Dead: Season One,Telltale Games,4.0,1200,Adventure,12000,111,0.01
Mario Kart DS,Nintendo EAD Group No. 1,3.8,857,Racing,15000,36,0.0
Apex Legends,Respawn Entertainment,3.1,624,Shooter,12000,669,0.06
Devil May Cry 2,Capcom,1.6,620,Adventure,6400,56,0.01
The Legend of Zelda: Ocarina of Time 3D,Grezzo,4.2,1000,Adventure,11000,314,0.03
Twelve Minutes,Annapurna Interactive,2.4,526,Adventure,4000,63,0.02
Demon's Souls,FromSoftware,4.1,1200,Adventure,5500,155,0.03
Persona 3 Portable,Atlus,4.0,825,Adventure,5500,492,0.09
Rayman Legends,Ubisoft Montpellier,4.0,921,Adventure,9800,177,0.02
Uncharted 2: Among Thieves,Naughty Dog,3.9,1400,Adventure,12000,96,0.01
Monster Hunter: World,Capcom,3.8,856,Adventure,10000,474,0.05
Milk inside a bag of milk inside a bag of milk,Nikita Kryukov,3.3,503,Adventure,3200,26,0.01
The Legend of Zelda: A Link Between Worlds,Nintendo,4.1,1300,Adventure,10000,168,0.02
Final Fantasy XIV: Endwalker,Square Enix,4.6,426,Adventure,2500,454,0.18
The Legend of Zelda: The Minish Cap,Nintendo,3.9,1100,Adventure,8700,280,0.03
Pokémon Go,The Pokémon Company,2.7,400,RPG,14000,575,0.04
Night in the Woods,Finji,4.0,1100,Adventure,6000,304,0.05
Shin Megami Tensei IV,Atlus,4.1,949,RPG,4300,397,0.09
Kingdom Hearts II,Buena Vista Games,4.3,1200,Adventure,9600,137,0.01
Castlevania: Aria of Sorrow,Konami Computer Entertainment Tokyo,4.2,1000,Adventure,5100,114,0.02
Halo: Reach,Bungie,4.0,1200,Shooter,11000,98,0.01
Grand Theft Auto: Vice City,Rockstar Games,3.8,1000,Adventure,12000,125,0.01
A Short Hike,adamgryu,4.1,1100,Adventure,5400,91,0.02
The Legend of Zelda: Tears of the Kingdom,Nintendo,3.7,581,Adventure,72,6,0.08
Assassin's Creed III,Ubisoft Entertainment,3.0,707,Adventure,12000,72,0.01
Castlevania,Nintendo,3.4,845,Adventure,5700,58,0.01
Milk outside a bag of milk outside a bag of milk,Nikita Kryukov,3.7,344,Adventure,1500,55,0.04
Lisa,Dingaling,4.3,761,Adventure,2900,143,0.05
Crash Bandicoot,Sony Computer Entertainment,3.5,660,Platform,8700,58,0.01
The Legend of Zelda: The Wind Waker HD,Nintendo,4.3,887,Adventure,6700,183,0.03
The Outer Worlds,Obsidian Entertainment,3.2,582,Adventure,6600,256,0.04
The Legend of Zelda: Majora's Mask 3D,Nintendo,4.1,797,Adventure,6700,191,0.03
The Callisto Protocol,Krafton,2.9,266,Adventure,737,62,0.08
The Wolf Among Us,Telltale Games,3.9,837,Adventure,8100,81,0.01
Dead Space 2,Electronic Arts,4.0,775,Adventure,6000,97,0.02
Super Mario Bros. 2,Nintendo,3.1,864,Adventure,8400,40,0.0
Until Dawn,Supermassive Games,3.4,812,Adventure,8000,85,0.01
Kid Icarus: Uprising,Nintendo,4.1,860,Brawler,5400,140,0.03
Chained Echoes,Deck13 Spotlight,4.2,191,Adventure,445,228,0.51
BioShock Remastered,2K Games,4.0,509,Adventure,4800,252,0.05
Sonic Unleashed,Sega,3.3,728,Adventure,6500,118,0.02
Yakuza 5 Remastered,Ryū Ga Gotoku Studios,4.1,665,Adventure,2900,223,0.08
Metal Gear Solid 3: Subsistence,Konami Computer Entertainment Japan,4.6,641,Adventure,3700,50,0.01
Super Mario World 2: Yoshi's Island,Nintendo EAD,4.1,1100,Platform,7100,141,0.02
Devil May Cry 4,Capcom,3.6,511,Adventure,6500,84,0.01
Donut County,Annapurna Interactive,3.4,695,Adventure,5600,35,0.01
Assassin's Creed Origins,Ubisoft Montreal,3.4,788,Adventure,7200,302,0.04
Ghostwire: Tokyo,Bethesda Softworks,3.1,387,Adventure,1200,141,0.12
Yakuza 4 Remastered,SEGA of Japan,3.7,655,Adventure,3500,137,0.04
Call of Duty: Modern Warfare II,Infinity Ward,3.3,347,Shooter,1600,268,0.17
Crash Bandicoot 4: It's About Time,Toys for Bob,3.8,699,Platform,3200,293,0.09
Grand Theft Auto III,DMA Design,3.3,711,Adventure,7800,88,0.01
Dead by Daylight,Starbreeze publishing AB,3.0,451,Indie,7100,520,0.07
Abzu,505 Games,3.4,714,Adventure,5400,59,0.01
Batman: Arkham Origins,WB Games,3.4,642,Adventure,7800,125,0.02
Splatoon 2,Nintendo,3.8,736,Platform,8900,215,0.02
Pokémon HeartGold,The Pokémon Company,4.2,892,Adventure,9500,128,0.01
Kena: Bridge of Spirits,Ember Lab,3.6,491,Adventure,2000,204,0.1
Final Fantasy VIII,Square,3.6,982,Adventure,5100,182,0.04
The Elder Scrolls IV: Oblivion,Bethesda Game Studios,3.7,725,Adventure,8100,183,0.02
The Silver Case,NIS America,4.2,641,Adventure,1400,162,0.12
Marvel's Spider-Man Remastered,Insomniac Games,4.2,335,Adventure,2800,206,0.07
Alan Wake,Microsoft Game Studios,3.6,702,Adventure,6200,96,0.02
A Way Out,Electronic Arts,3.6,620,Adventure,6400,127,0.02
LEGO Batman: The Video Game,WB Games,3.6,643,Adventure,8800,82,0.01
Borderlands 3,2K Games,3.2,530,RPG,5700,356,0.06
Dragon Ball FighterZ,Arc System Works,3.7,603,Fighting,7800,258,0.03
Ico,Team Ico,4.0,671,Adventure,3500,83,0.02
Shin Megami Tensei III: Nocturne - HD Remaster,Ghostlight Ltd.,4.0,457,RPG,1800,387,0.21
The Witness,"Thekla, Inc",3.6,651,Adventure,5300,186,0.04
Animal Crossing: New Leaf,Nintendo,4.0,813,Simulator,9900,156,0.02
Wo Long: Fallen Dynasty,Koei Tecmo Games,3.5,284,Adventure,513,241,0.47
Final Fantasy VII Remake Intergrade,Square Enix,4.2,445,Adventure,2400,297,0.12
Sonic Adventure 2,Sega,3.6,842,Adventure,5100,89,0.02
Destiny 2,Activision,2.9,507,Adventure,8700,524,0.06
Kirby's Dream Land,HAL Laboratory,3.2,691,Platform,5300,22,0.0
Mario Kart 8,Nintendo,3.9,643,Arcade,9300,40,0.0
Xenoblade Chronicles,Nintendo,4.2,828,Adventure,3900,142,0.04
The Forgotten City,Modern Storyteller,3.9,471,Adventure,1700,53,0.03
Untitled Goose Game,House House,3.6,642,Adventure,6500,137,0.02
Sonic Adventure 2: Battle,Sonic Team,3.7,742,Adventure,6800,78,0.01
Saints Row: The Third,Volition,3.4,482,Adventure,9400,74,0.01
Call of Duty: Black Ops III,Activision,3.1,550,Adventure,8200,78,0.01
Pokémon Red,Nintendo,3.4,734,Adventure,8800,57,0.01
Tinykin,Splashteam,4.0,416,Adventure,753,39,0.05
Dragon's Dogma: Dark Arisen,Capcom,3.8,458,Adventure,3300,215,0.07
Brawlhalla,Ubisoft,2.6,295,Arcade,6900,146,0.02
Pokémon Unite,Timi,2.7,285,MOBA,4500,263,0.06
Black Mesa,Crowbar Collective,4.1,459,Adventure,3700,200,0.05
The Messenger,Sabotage,3.8,613,Adventure,3700,157,0.04
Jet Set Radio,BlitWorks,3.7,504,Platform,3500,112,0.03
Pathologic 2,Ice-Pick Lodge,4.3,513,Adventure,1300,155,0.12
Tactics Ogre: Reborn,Square Enix,4.1,206,RPG,279,137,0.49
Hyper Light Drifter,Heart Machine,3.8,599,Adventure,4000,160,0.04
Left 4 Dead,Certain Affinity,3.6,488,Shooter,8600,35,0.0
The 25th Ward: The Silver Case,NIS America,4.4,482,Adventure,751,68,0.09
Darkest Dungeon,Red Hook Studios,3.6,476,Adventure,5200,328,0.06
Roblox,Roblox Corporation,2.8,187,Adventure,5100,213,0.04
The Last Guardian,Team Ico,3.7,658,Adventure,3200,83,0.03
Drakengard 3,Access Games,3.8,503,Adventure,1900,128,0.07
Half-Life 2: Episode One,Valve,3.7,469,Shooter,7000,39,0.01
Assassin's Creed Revelations,Ubisoft Montreal,3.3,628,Adventure,8700,64,0.01
Half-Life 2: Episode Two,CyberFront,4.1,517,Puzzle,6900,43,0.01
Mega Man,Capcom,2.8,639,Adventure,5400,26,0.0
PowerWash Simulator,Square Enix,3.7,304,Indie,1700,242,0.14
Cave Story,Studio Pixel,4.2,543,Adventure,3700,87,0.02
Final Fantasy XIV: Shadowbringers,Square Enix,4.6,401,RPG,3000,192,0.06
Days Gone,SIE Bend Studio,3.2,610,Adventure,3900,212,0.05
Tom Clancy's Rainbow Six Siege,Ubisoft Entertainment,3.2,424,Shooter,7900,302,0.04
Trek to Yomi,Devolver Digital,2.7,262,Adventure,1000,67,0.07
Sonic CD,Sonic Team,3.4,629,Platform,4900,43,0.01
Mario Kart: Double Dash!!,Nintendo EAD,3.9,808,Racing,8400,31,0.0
Rayman Origins,Ubisoft Montpellier,3.8,547,Adventure,6200,85,0.01
Klonoa Phantasy Reverie Series,MONKEYCRAFT Co. Ltd,3.8,197,Adventure,647,119,0.18
Hitman 2,WB Games,4.0,605,Adventure,5000,164,0.03
Max Payne 3,Rockstar Games,3.7,593,Shooter,5600,43,0.01
Catherine: Full Body,Atlus,3.8,451,Adventure,2600,152,0.06
Kirby: Planet Robobot,HAL Laboratory,4.2,669,Adventure,3600,82,0.02
Battlefield 1,EA Digital Illusions CE,3.4,513,Shooter,7200,108,0.01
Kirby’s Return to Dream Land Deluxe,Nintendo,4.2,230,Adventure,408,159,0.39
Persona 2: Eternal Punishment,Atlus,4.1,594,Adventure,1600,107,0.07
Star Wars Battlefront II,EA Digital Illusions CE,3.1,534,Adventure,7800,128,0.02
Super Paper Mario,Nintendo,3.8,688,Adventure,6200,76,0.01
The Great Ace Attorney 2: Resolve,Capcom,4.6,386,Adventure,1100,75,0.07
Bugsnax,Young Horses,3.6,625,Adventure,2700,141,0.05
Star Wars: Battlefront II,Pandemic Studios,4.0,650,Shooter,7700,35,0.0
Pokémon Shield,The Pokémon Company,2.9,548,Adventure,6300,193,0.03
Super Castlevania IV,Konami,3.7,627,Adventure,3700,45,0.01
Brothers: A Tale of Two Sons,Starbreeze Studios,3.5,511,Adventure,4000,28,0.01
Call of Duty: Modern Warfare,Infinity Ward,3.4,525,Shooter,5100,84,0.02
GoldenEye 007,Nintendo,3.6,610,Shooter,4500,60,0.01
"WarioWare, Inc.: Mega Microgames!",Nintendo R&D1,3.9,523,Arcade,3500,43,0.01
Evil West,Focus Entertainment,3.3,148,Adventure,335,38,0.11
Gravity Rush 2,SIE Japan Studio,3.9,516,Adventure,2100,122,0.06
Metroid Prime 2: Echoes,Retro Studios,4.0,606,Adventure,3000,75,0.03
The Forest,Endnight Games Ltd,3.2,293,Adventure,4500,143,0.03
CrossCode,Deck13 Interactive,4.0,351,Adventure,1500,213,0.14
Sekiro: Shadows Die Twice - GOTY Edition,Activision,4.6,173,Adventure,1400,153,0.11
Saints Row IV,Volition,3.1,386,Adventure,7200,64,0.01
Fallout 2,Black Isle Studios,4.1,532,RPG,2400,72,0.03
Chrono Cross,Square,4.0,554,RPG,1700,60,0.04
Fire Emblem: Path of Radiance,"Intelligent Systems Co., Ltd.",4.2,703,RPG,2900,155,0.05
Kingdom Hearts Final Mix,Square,3.8,428,RPG,3700,104,0.03
Professor Layton and the Curious Village,Nintendo,3.7,439,Point-and-Click,4200,128,0.03
Ys VIII: Lacrimosa of Dana,NIS America,4.2,620,Adventure,1900,131,0.07
Hotel Dusk: Room 215,Nintendo,4.0,439,Adventure,1600,87,0.05
Postal 2,Running with Scissors,3.4,338,Adventure,3400,67,0.02
Fez,Microsoft Studios,3.6,493,Adventure,4400,90,0.02
Marvel's Midnight Suns,Firaxis Games,3.9,172,RPG,280,145,0.52
Streets of Rage 4,Lizardcube,3.9,620,Arcade,2900,80,0.03
Shin Megami Tensei: Persona,Atlus,2.9,416,RPG,2500,161,0.06
Kirby's Return to Dream Land,HAL Laboratory,4.0,509,Adventure,4100,58,0.01
BioShock 2 Remastered,2K Games,3.7,295,RPG,2400,71,0.03
God of War: Chains of Olympus,"Sony Computer Entertainment, Inc. (SCEI)",3.2,396,Adventure,4000,31,0.01
Splatoon,Nintendo EAD Group No. 2,3.7,509,Platform,6100,28,0.0
Nickelodeon All-Star Brawl,Ludosity,2.5,251,Arcade,1900,51,0.03
The Great Ace Attorney: Adventures,Capcom,4.1,385,Adventure,1600,141,0.09
Sonic Rush,Sonic Team,3.6,536,Platform,4600,61,0.01
Chrono Trigger,Square Enix,4.4,295,Adventure,2400,135,0.06
Street Fighter V,Capcom,3.0,377,Arcade,5000,109,0.02
Somerville,Jumpship,2.8,169,Adventure,442,20,0.05
Bully: Scholarship Edition,Rockstar Games,4.0,330,Adventure,3900,92,0.02
Borderlands: The Pre-Sequel,Take-Two Interactive,2.9,375,RPG,5300,100,0.02
Star Wars Jedi: Survivor,Respawn Entertainment,3.7,250,Adventure,13,2,0.15
Alice: Madness Returns,Electronic Arts,3.5,358,Adventure,2800,113,0.04
Super Mario 3D All-Stars,Nintendo,3.5,422,Adventure,4700,391,0.08
S.T.A.L.K.E.R.: Shadow of Chernobyl,GSC Game World,3.9,426,RPG,2500,119,0.05
JoJo’s Bizarre Adventure: All-Star Battle R,Bandai Namco Entertainment,3.4,122,Adventure,796,71,0.09
Geometry Dash,RobTop Games,3.1,197,Adventure,5100,95,0.02
Mario + Rabbids Sparks of Hope,Ubisoft Entertainment,3.9,253,Adventure,356,145,0.41
Back 4 Blood,Warner Bros. Interactive Entertainment,2.5,284,Shooter,2900,137,0.05
Half-Life: Alyx,Valve,4.6,515,Adventure,1900,210,0.11
Hyper Demon,Sorath,4.1,99,Indie,245,26,0.11
Mortal Kombat,NetherRealm Studios,3.6,468,Fighting,6600,19,0.0
Resident Evil,Capcom,3.7,688,Adventure,3400,41,0.01
Call of Duty: Ghosts,Neversoft Entertainment,2.4,411,Shooter,6500,9,0.0
Ridge Racer Type 4,Namco,4.2,465,Racing,1000,33,0.03
Lil Gator Game,Playtonic Friends,4.1,137,Adventure,247,22,0.09
Oxenfree,Night School Studio,3.6,592,Adventure,3900,70,0.02
Overcooked! 2,Ghost Town Games,3.6,414,Arcade,4900,227,0.05
Before Your Eyes,GoodbyeWorld Games,4.2,421,Adventure,1200,25,0.02
Sly Cooper and the Thievius Raccoonus,Sucker Punch Productions,3.7,525,Adventure,3700,44,0.01
Nobody Saves the World,Drinkbox Studios,3.5,256,Adventure,949,99,0.1
Crazy Taxi,Sega,3.6,425,Arcade,4800,19,0.0
Chrono Cross: The Radical Dreamers Edition,Square Enix,3.6,130,Adventure,358,65,0.18
Spore,Maxis,3.3,238,Adventure,6000,34,0.01
Dwarf Fortress,Bay 12 Games,4.6,48,Indie,225,80,0.36
Klonoa 2: Lunatea's Veil,Namco,4.2,379,Adventure,1100,31,0.03
Pokémon Blue,Nintendo,3.6,549,Adventure,5900,50,0.01
Planescape: Torment,Interplay Entertainment,4.3,417,RPG,1100,74,0.07
Far Cry 3: Blood Dragon,Ubisoft Montreal,3.4,329,Adventure,4400,15,0.0
BattleBlock Theater,Microsoft Studios,3.5,272,Adventure,5500,83,0.02
The Beginner's Guide,Everything Unlimited Ltd.,4.0,443,Adventure,2700,7,0.0
We Love Katamari Reroll + Royal Reverie,Bandai Namco Entertainment,3.7,51,Adventure,3,0,0.0
Naruto Shippuden: Ultimate Ninja Storm 4,Bandai Namco Entertainment,3.5,264,Adventure,4800,45,0.01
Mega Man 3,Capcom,3.4,599,Adventure,3800,25,0.01
Ni no Kuni: Wrath of the White Witch,Namco Bandai Games,3.7,438,Adventure,2400,161,0.07
Fortnite: Chapter 4,Epic Games,3.5,70,RPG,365,77,0.21
Danganronpa Another Episode: Ultra Despair Girls,Spike ChunSoft,2.7,276,Adventure,3400,92,0.03
The Artful Escape,Annapurna Interactive,3.3,346,Adventure,1100,38,0.03
Dishonored: Definitive Edition,Arkane Studios,4.1,229,Adventure,1600,55,0.03
Pac-Man World Re-Pac,Bandai Namco Games,3.5,161,Adventure,368,25,0.07
Ib,kouri,4.0,114,Adventure,787,13,0.02
Castlevania: Circle of the Moon,Konami,3.0,362,Adventure,2100,62,0.03
Higurashi: When They Cry,07th Expansion,4.2,311,Adventure,1100,97,0.09
Life is Strange: Before the Storm,Square Enix,3.3,468,Adventure,4000,66,0.02
Darkwood,Acid Wizard Studio,3.9,262,Adventure,836,97,0.12
Beyond Good & Evil,Ubisoft Shanghai,3.9,436,Adventure,2300,35,0.02
Metroid II: Return of Samus,Nintendo,3.1,445,Adventure,2100,39,0.02
Shenmue,Sega AM2,3.8,496,Adventure,1600,61,0.04
Project Zomboid,The Indie Stone,3.6,133,Indie,1700,205,0.12
Crash Team Racing,Naughty Dog,4.0,455,Racing,4800,18,0.0
Carrion,Phobia Game Studio,3.3,432,Adventure,2800,83,0.03
Gears of War 2,Microsoft Game Studios,3.7,504,Shooter,4600,31,0.01
Phoenix Wright: Ace Attorney - Dual Destinies,Capcom,3.4,430,Adventure,3300,105,0.03
The Legend of Zelda: Oracle of Seasons,Nintendo,3.7,544,Adventure,3100,65,0.02
Wild Hearts,Omega Force,3.2,103,Adventure,73,45,0.62
God of War: Ascension,"Sony Computer Entertainment, Inc. (SCEI)",2.9,318,Adventure,2700,27,0.01
Xenosaga Episode III: Also sprach Zarathustra,Namco Bandai Games,4.3,399,Adventure,762,23,0.03
Kirby's Dream Land 3,Nintendo,3.4,469,Adventure,2600,49,0.02
Castlevania: Harmony of Dissonance,Konami Computer Entertainment Tokyo,3.2,399,Adventure,2000,51,0.03
Shantae and the Pirate's Curse,WayForward Technologies,3.8,392,Adventure,2200,72,0.03
Happy Wheels,Fancy Force,2.8,124,Adventure,5100,3,0.0
Guilty Gear XX Accent Core Plus R,Arc System Works,4.1,423,Arcade,2500,142,0.06
Fire Emblem Fates: Birthright,"Intelligent Systems Co., Ltd.",2.7,405,RPG,4300,107,0.02
Final Fantasy IV,Square Enix,3.7,530,RPG,2700,60,0.02
Devil May Cry 5: Special Edition,Capcom Development Division 1,4.5,265,Brawler,1000,70,0.07
Castlevania III: Dracula's Curse,Konami,3.6,501,Adventure,2400,36,0.01
Gloomwood,New Blood Interactive,4.0,141,Adventure,265,36,0.14
Call of Duty: Advanced Warfare,Activision,2.5,415,Shooter,5200,13,0.0
The Legend of Heroes: Trails of Cold Steel,XSEED Games,3.7,499,Adventure,2100,129,0.06
Metal Gear Solid 3: Snake Eater HD Edition,Konami Digital Entertainment,4.6,293,Adventure,2500,34,0.01
Mario Kart: Super Circuit,Nintendo,2.8,389,Racing,3700,24,0.01
Pokémon Shining Pearl,Nintendo,2.9,281,Adventure,1900,203,0.11
PUBG: Battlegrounds,Bluehole Studio,2.4,299,Shooter,5200,46,0.01
Earthblade,Extremely OK Games,3.7,83,Adventure,0,1,0.0
Tetris,Nintendo,4.0,197,Puzzle,2500,18,0.01
Rule of Rose,Atlus USA,3.8,394,Adventure,727,33,0.05
Lollipop Chainsaw,Grasshopper Manufacture,3.4,295,Brawler,1600,32,0.02
Pokémon LeafGreen,Nintendo,3.8,413,Adventure,5900,62,0.01
Bowser's Fury,Nintendo,3.9,497,Adventure,2100,35,0.02
ZeroRanger,System Erasure,4.3,317,Arcade,561,30,0.05
Labyrinth of Galleria: The Moon Society,Nippon Ichi Software,4.3,49,Adventure,67,26,0.39
Street Fighter II,Capcom,3.5,433,Arcade,4300,11,0.0
Resident Evil: Revelations,Tose,3.2,469,Adventure,2900,55,0.02
Shin Megami Tensei,Atlus,3.3,433,RPG,1300,146,0.11
Tomb Raider,Eidos Interactive,3.3,395,Adventure,2700,45,0.02
FIFA 23,EA Sports,2.6,47,Simulator,523,112,0.21
Battlefield: Bad Company 2,EA Digital Illusions CE,3.6,288,Adventure,4200,23,0.01
The Walking Dead: A New Frontier,Telltale Games,2.8,345,Adventure,2900,19,0.01
Ninja Gaiden Black,Team NINJA,4.3,294,Adventure,992,41,0.04
Sid Meier's Civilization V,2K Games,3.9,320,Simulator,5400,56,0.01
World of Horror,Ysbryd Games,3.7,257,Adventure,871,59,0.07
Fire Emblem: Shadow Dragon,"Intelligent Systems Co., Ltd.",3.2,361,RPG,1900,78,0.04
Tomodachi Life,Nintendo SPD Group No. 1,3.7,281,Adventure,3400,59,0.02
Downwell,Devolver Digital,3.5,363,Adventure,3700,60,0.02
SpongeBob SquarePants: Battle For Bikini Bottom,Heavy Iron Studios,3.8,326,Adventure,3400,22,0.01
LEGO Harry Potter: Years 1-4,WB Games,3.2,349,Adventure,4100,53,0.01
Dragon Quest V: Hand of the Heavenly Bride,Chunsoft,4.2,371,RPG,1400,85,0.06
Fear & Hunger,Miro Haverinen,3.8,48,Indie,110,39,0.35
For Honor,Ubisoft Entertainment,2.8,236,Brawler,4100,56,0.01
Sonic Lost World,Nintendo,2.5,395,Adventure,2500,34,0.01
Bug Fables: The Everlasting Sapling,DANGEN Entertainment,4.1,357,Adventure,1000,146,0.15
Hyrule Warriors: Age of Calamity,Koei Tecmo,3.5,531,Adventure,2700,308,0.11
LEGO Batman 3: Beyond Gotham,Traveller,3.1,373,Adventure,2900,37,0.01
Moonscars,Black Mermaid,2.9,97,Adventure,248,24,0.1
The Witcher 3: Wild Hunt - Hearts of Stone,CD Projekt RED,4.4,159,Adventure,3100,39,0.01
Remnant: From the Ashes,Gunfire Games,3.2,304,Adventure,2100,71,0.03
Halo 5: Guardians,343 Industries,2.5,500,Shooter,3500,31,0.01
Hearthstone,Blizzard Entertainment,2.9,212,Card & Board Game,5500,105,0.02
Ultimate Spider-Man,Activision,3.6,300,Brawler,3700,25,0.01
Chop Goblins,David Szymanski,3.5,56,Indie,195,4,0.02
Secret of Mana,Square Enix,3.3,413,RPG,1900,57,0.03
428: Shibuya Scramble,Chunsoft,4.2,249,Adventure,676,87,0.13
Potion Craft,tinyBuild,3.2,77,Indie,471,83,0.18
Mega Man Legends,Capcom USA,3.7,361,Adventure,1400,51,0.04
Xenoblade Chronicles: Future Connected,Nintendo,3.5,232,RPG,1900,55,0.03
Crab Game,Dani,2.5,96,Arcade,2300,14,0.01
Dante's Inferno,Electronic Arts,3.2,321,Adventure,2600,40,0.02
Haunting Ground,Capcom Production Studio 1,3.8,281,Adventure,597,29,0.05
Assassin's Creed Rogue,Ubisoft Sofia,3.2,384,Adventure,3400,27,0.01
Garten of Banban 2,Euphoric Brothers,1.5,16,Adventure,55,0,0.0
Pokémon Stadium,HAL Laboratory,3.3,340,RPG,5400,16,0.0
Outlast II,Red Barrels,2.8,279,Adventure,2700,44,0.02
Elden Ring: Shadow of the Erdtree,FromSoftware,4.8,18,Adventure,1,0,0.0
Ni no Kuni II: Revenant Kingdom,Bandai Namco Entertainment,3.3,269,Adventure,1700,81,0.05
Metal Gear,Ultra Games,2.9,344,Adventure,1900,29,0.02
Disney's Aladdin,Capcom,3.4,203,Adventure,2200,9,0.0
Fable II,Lionhead Studios,3.6,310,Adventure,3200,22,0.01
Celeste: Farewell,Extremely OK Games,4.5,58,Platform,648,32,0.05
Axiom Verge 2,Nintendo,3.4,116,Adventure,312,20,0.06
Lightning Returns: Final Fantasy XIII,Square Enix,3.1,362,RPG,1500,44,0.03
Yakuza 2,Sega,4.0,331,Adventure,1000,28,0.03
F-Zero X,Nintendo EAD,3.9,354,Arcade,1700,15,0.01
Chibi-Robo!,Nintendo,4.1,386,Adventure,1000,33,0.03
Super Mario Sunshine,Nintendo EAD,3.7,19,Adventure,340,6,0.02
RimWorld,Ludeon Studios,4.2,149,Indie,1600,142,0.09
Professor Layton and the Miracle Mask,Level-5,3.7,192,Point-and-Click,1300,42,0.03
Mega Man X5,Capcom Production Studio 3,3.2,334,Adventure,2200,11,0.01
Tokyo Necro,Nitroplus,4.6,21,Adventure,14,22,1.57
Disney Dreamlight Valley,Gameloft,3.5,130,Adventure,329,169,0.51
Mega Man 7,Capcom,3.5,405,Adventure,2400,19,0.01
Figment,Bedtime Digital Games,2.8,124,Adventure,183,20,0.11
"Flower, Sun, and Rain: Murder and Mystery in Paradise",h.a.n.d. Inc.,4.2,178,Adventure,408,27,0.07
Professor Layton vs. Phoenix Wright: Ace Attorney,Level-5,3.6,275,Adventure,1800,68,0.04
Metal Gear Solid: The Twin Snakes,Konami,3.6,267,Adventure,1900,31,0.02
The Simpsons Game,Griptonite Games,3.0,200,Platform,3800,20,0.01
Mega Man Zero 2,Inti Creates,3.7,317,Adventure,1900,21,0.01
Gears 5,The Coalition,3.4,382,Adventure,2100,70,0.03
Crash of the Titans,Radical Entertainment,3.0,200,Adventure,3800,18,0.0
Alan Wake Remastered,Remedy Entertainment,3.7,209,Adventure,690,62,0.09
Final Fantasy XV: Royal Edition,Square Enix,3.7,225,Adventure,1700,92,0.05
The Witcher,Atari,3.0,220,Adventure,1600,57,0.04
Final Fantasy III,Square,3.1,342,Adventure,2600,59,0.02
Snatcher,Konami,4.0,242,Adventure,547,25,0.05
Hello Charlotte Ep.3: Childhood's End,etherane,4.3,137,Adventure,424,15,0.04
Star Wars: Battlefront,Pandemic Studios,3.5,255,Shooter,4100,9,0.0
Ikaruga,Treasure,4.0,364,Arcade,1300,37,0.03
Diablo IV,Blizzard Entertainment,3.7,148,Brawler,19,10,0.53
Ys: The Oath in Felghana,Nihon Falcom,4.0,311,Adventure,1000,32,0.03
American McGee's Alice,Rogue Entertainment,3.4,242,Adventure,1100,42,0.04
Call of Duty,Infinity Ward,3.3,274,Shooter,2800,23,0.01
Clash of Clans,Supercell,2.5,73,Real Time Strategy,2600,57,0.02
Fate/stay night,TYPE-MOON,4.0,258,Adventure,1900,135,0.07
Tabletop Simulator,Berserk Games,3.7,147,Card & Board Game,3200,89,0.03
Duskers,Misfits Attic,3.6,51,Indie,61,3,0.05
Control: Ultimate Edition,Remedy Entertainment,4.0,233,Adventure,1400,124,0.09
Advance Wars,Nintendo,3.7,266,Simulator,1900,52,0.03
Touhou Koumakyou: The Embodiment of Scarlet Devil,Team Shanghai Alice,3.8,217,Indie,1900,65,0.03
Weird West,WolfEye Studios,3.0,156,Adventure,405,46,0.11
Pokémon Mystery Dungeon: Blue Rescue Team,Chunsoft,3.7,273,Adventure,3800,28,0.01
WarioWare Gold,Nintendo of America,3.9,264,Arcade,1700,35,0.02
Dragon Ball: Xenoverse,Dimps,2.9,198,Fighting,3700,23,0.01
Call of Duty: Black Ops 4,Treyarch,2.3,248,Shooter,3500,15,0.0
Bloodborne: Game of the Year Edition,Sony Computer Entertainment,4.6,238,RPG,1500,57,0.04
Ape Out,Gabe Cuzzillo,3.5,329,Adventure,1800,46,0.03
WarioWare: Smooth Moves,"Intelligent Systems Co., Ltd.",3.9,319,Puzzle,3100,7,0.0
Puyo Puyo Tetris,Sega,3.8,233,Puzzle,3100,51,0.02
Prince of Persia: Warrior Within,Ubisoft Montreal,3.5,237,Adventure,2800,20,0.01
Kentucky Route Zero: TV Edition,Cardboard Computer,4.1,319,Adventure,772,90,0.12
Factorio,Wube Software LTD.,4.2,189,Indie,1600,114,0.07
Scott Pilgrim vs. the World: The Game - Complete Edition,Ubisoft,3.6,229,Adventure,1200,102,0.09
Monster Hunter 4 Ultimate,Capcom,4.2,260,Adventure,2000,66,0.03
Fruit Ninja Classic,Halfbrick Studios,2.7,54,Arcade,3800,1,0.0
Doom,Bethesda Softworks,3.9,80,Shooter,2300,37,0.02
Tom Clancy's The Division,Ubisoft Entertainment,2.8,239,Adventure,2900,40,0.01
Crysis 2,Crytek Frankfurt,3.1,180,Adventure,2900,10,0.0
Resident Evil 4: Wii Edition,Capcom Production Studio 4,4.4,151,Adventure,1100,16,0.01
Nuclear Throne,Vlambeer,3.7,262,Adventure,2200,65,0.03
Super Hexagon,Terry Cavanagh,3.4,204,Arcade,2300,23,0.01
Condemned: Criminal Origins,WB Games,3.5,248,Adventure,1300,32,0.02
PlayStation All-Stars Battle Royale,SCE Santa Monica Studio,2.4,208,Fighting,2600,3,0.0
Dragon Quest,Nintendo,3.1,349,Adventure,1800,43,0.02
Pac-Man in a Tin,Fizz Creations,3.7,0,Arcade,1,0,0.0
Mount & Blade: Warband,Paradox Interactive,3.9,168,Adventure,2400,39,0.02
Monster Hunter Generations Ultimate,Capcom,4.2,179,Brawler,1500,132,0.09
The Jackbox Party Pack 3,"Jackbox Games, Inc.",3.8,152,Indie,2700,17,0.01
Digimon World: Next Order,Bandai Namco Entertainment Europe,3.1,66,Adventure,321,40,0.12
Odin Sphere: Leifthrasir,Atlus,4.1,228,RPG,895,71,0.08
Bulletstorm,People Can Fly,3.2,159,Shooter,2300,6,0.0
The Witcher 2: Assassins of Kings,Atari,3.6,181,Adventure,1600,21,0.01
Pokémon Añil,Eric Lost,3.7,2,RPG,1,0,0.0
Animal Crossing: City Folk,Nintendo,3.4,232,Simulator,3100,17,0.01
Microsoft Minesweeper,Microsoft,3.2,83,Puzzle,2400,15,0.01
Sonic 3D Blast,Sega,2.3,315,Platform,2300,12,0.01
Mario Party 4,Hudson Soft,3.5,231,Card & Board Game,3000,7,0.0
Mario Party 3,Nintendo,3.7,219,Card & Board Game,2800,6,0.0
Peggle,PopCap Games,3.6,185,Puzzle,2500,20,0.01
Plague Inc: Evolved,Ndemic Creations,3.1,88,Indie,4000,31,0.01
Star Wars: Episode III - Revenge of the Sith,LucasArts,3.1,141,Adventure,2100,11,0.01
Prince of Persia,Ubisoft Entertainment,3.0,201,Adventure,2500,23,0.01
System Shock,Looking Glass Studios,3.9,276,RPG,544,29,0.05
Sonic Rush Adventure,Nintendo,3.5,278,Platform,1900,22,0.01
Destroy All Humans!,THQ,3.2,160,Adventure,2200,16,0.01
Marvel vs. Capcom: Clash of Super Heroes,Virgin Interactive Entertainment (Europe) Ltd.,3.7,269,Fighting,2000,8,0.0
The World Ends with You: Final Remix,Square Enix,4.0,253,Adventure,1500,115,0.08
Ristar,Sega,3.6,233,Adventure,1200,12,0.01
Crash Team Racing Nitro-Fueled,Activision Blizzard,3.9,408,Arcade,2500,50,0.02
Mega Man X6,Capcom,2.3,308,Adventure,1900,18,0.01
Slender: The Eight Pages,Parsec Productions,2.0,123,Adventure,2700,3,0.0
Mark of the Ninja,Klei Entertainment,3.8,193,Adventure,1900,14,0.01
Octodad: Dadliest Catch,Young Horses,3.2,169,Adventure,2500,12,0.0
Dragon Ball Z: Budokai Tenkaichi,Spike,2.9,96,Fighting,1700,2,0.0
The King of Fighters XV,SNK Corporation,4.0,226,Fighting,718,81,0.11
Killing Floor 2,Tripwire Interactive,3.1,195,Shooter,2800,33,0.01
Ape Escape 3,SCE Japan Studio,4.3,247,Platform,874,24,0.03
The Simpsons Arcade Game,Konami,3.3,139,Arcade,1500,5,0.0
Toy Story 2: Buzz Lightyear to the Rescue!,Activision,3.4,245,Adventure,2300,26,0.01
Rayman Raving Rabbids,Ubisoft Entertainment,2.7,137,Adventure,2700,9,0.0
Prototype 2,Activision,3.0,140,Adventure,2400,10,0.0
MadWorld,Spike,3.5,283,Brawler,1100,19,0.02
Call of Duty 3,Activision,2.8,231,Shooter,2900,8,0.0
Shadow Warrior,Flying Wild Hog,3.2,161,Adventure,1700,21,0.01
Warcraft III: The Frozen Throne,Blizzard Entertainment,4.3,159,Real Time Strategy,2600,14,0.01
Yakuza 4,Sega,3.8,295,Adventure,1400,38,0.03
Megami Ibunroku Persona,Atlus,3.7,16,RPG,16,0,0.0
Persona 4 Arena,Arc System Works,3.4,195,Adventure,1900,22,0.01
Scribblenauts,5th Cell,3.2,151,Puzzle,3200,3,0.0
Rock Band 2,MTV Games,4.0,180,Music,2000,10,0.01
Armored Core 4,FromSoftware,3.7,92,Fighting,252,15,0.06
Rez Infinite,Enhance Games,4.0,222,Music,713,20,0.03
Plants vs. Zombies 2: It's About Time,Electronic Arts,2.7,80,Adventure,2400,29,0.01
Cadence of Hyrule: Crypt of the NecroDancer Featuring the Legend of Zelda,Spike ChunSoft,3.6,269,Adventure,1800,39,0.02
100% Orange Juice,Orange_Juice,3.4,112,Card & Board Game,1800,51,0.03
Tekken 6,Bandai Namco Entertainment,3.4,235,Fighting,2300,15,0.01
Mortal Kombat 3,Midway Games,3.1,162,Fighting,1700,4,0.0
Pokémon Mystery Dungeon: Explorers of Time,Chunsoft,4.0,186,Adventure,2300,13,0.01
Chulip,Punchline,4.1,296,Adventure,308,31,0.1
Crash Nitro Kart,Vicarious Visions,3.1,141,Racing,1700,4,0.0
Bubble Bobble,Sega,3.3,187,Arcade,1400,3,0.0
Shantae: Half-Genie Hero,XSEED Games,3.4,196,Adventure,1500,41,0.03
Snake,Nokia,3.1,67,Arcade,2400,6,0.0
Tales of Vesperia,Namco Tales Studio,3.9,196,RPG,1100,57,0.05
Mega Man X8,Capcom Production Studio 1,3.3,239,Adventure,1400,17,0.01
Fire Emblem: New Mystery of the Emblem,"Intelligent Systems Co., Ltd.",3.7,246,RPG,848,23,0.03
Mario & Luigi: Superstar Saga + Bowser's Minions,Nintendo,3.9,201,Adventure,1100,48,0.04
Suikoden,Konami Computer Entertainment Tokyo,3.6,270,RPG,933,32,0.03
Binary Domain,Sega,3.5,234,Shooter,1100,9,0.01
Shin Megami Tensei: Devil Survivor,Atlus,3.9,219,RPG,1000,47,0.05
JoJo's Bizarre Adventure: Eyes of Heaven,CyberConnect2,2.8,106,Arcade,1700,36,0.02
Audiosurf,Valve,3.2,82,Indie,1600,8,0.01
Better Call Saul Kart,Big Trash Games,4.2,8,Racing,26,1,0.04
The Secret of Monkey Island,Lucasfilm Games,4.1,312,Adventure,1400,13,0.01
Resistance: Fall of Man,Insomniac Games,3.0,194,Adventure,1300,16,0.01
Sniper Elite 4,Sold Out Sales & Marketing,3.1,184,Adventure,1500,40,0.03
Metal Gear Solid HD Collection,Kojima Productions,4.5,118,Adventure,1500,31,0.02
The Simpsons: Road Rage,Electronic Arts,2.9,103,Racing,1700,6,0.0
Melty Blood Actress Again Current Code,Arc System Works,4.1,242,Arcade,1900,81,0.04
Path of Exile,Grinding Gear Games,3.3,130,Adventure,2400,77,0.03
Machinarium,Amanita Design,3.7,222,Adventure,1600,18,0.01
Guacamelee!,Drinkbox Studios,3.5,191,Adventure,1800,8,0.0
Tales of Zestiria,Bandai Namco Entertainment,2.7,273,RPG,1700,76,0.04
Black,Electronic Arts,3.4,233,Shooter,2100,19,0.01
Mario Super Sluggers,Namco Bandai Games,3.7,153,Sport,1800,4,0.0
Worms Armageddon,Team17,3.8,180,Platform,2100,15,0.01
Street Fighter II Turbo,Capcom,3.7,174,Fighting,1600,5,0.0
Tekken 4,Namco,3.4,243,Fighting,1900,9,0.0
Legacy of Kain: Soul Reaver,Eidos Interactive,3.7,260,Adventure,1300,22,0.02
Mega Man X7,Capcom Production Studio 3,1.4,231,Adventure,1300,6,0.0
Final Fantasy I & II: Dawn of Souls,Square Enix,3.4,93,RPG,1100,26,0.02
Mega Man ZX,Inti Creates,3.7,239,Platform,1300,29,0.02
Metal Gear 2: Solid Snake,Konami,3.5,306,Adventure,1200,19,0.02
The Missing: J.J. Macfield and the Island of Memories,Arc System Works,3.8,241,Adventure,779,30,0.04
Silent Hill 2: Restless Dreams,Team Silent,4.5,90,Adventure,514,14,0.03
Friday the 13th: The Game,Illfonic,2.6,170,Indie,2200,12,0.01
Quake II,id Software,3.4,242,Shooter,1500,18,0.01
NBA Jam,Midway,3.6,106,Sport,847,0,0.0
Final Fantasy X HD Remaster,Square Enix,4.3,139,Adventure,867,48,0.06
Mario vs. Donkey Kong,Nintendo,3.3,171,Platform,1500,16,0.01
Kenshi,Lo-Fi Games,4.0,90,Indie,527,49,0.09
Remember Me,Capcom,2.9,179,Adventure,1600,22,0.01
Alpha Protocol,Obsidian Entertainment,3.3,170,RPG,987,9,0.01
Indivisible,Lab Zero Games,3.1,211,Adventure,969,56,0.06
Jazzpunk,Necrophone Games,3.6,122,Adventure,935,5,0.01
Need for Speed: Hot Pursuit,Criterion Games,3.3,148,Racing,2000,23,0.01
The House in Fata Morgana: A Requiem for Innocence,NOVECT,4.3,123,Adventure,625,34,0.05
Phantom Brigade,Brace Yourself Games,2.8,16,Indie,16,10,0.62
Altered Beast,Sega,2.5,211,Brawler,1500,2,0.0
Broken Age,Nordic Games Publishing,3.1,180,Adventure,1300,21,0.02
Telling Lies,Furious Bee Limited,2.8,186,Indie,646,15,0.02
Saints Row: Gat Out of Hell,Volition,2.4,159,Adventure,2000,13,0.01
Ratchet & Clank: Size Matters,"Sony Computer Entertainment, Inc. (SCEI)",2.8,172,Adventure,1500,10,0.01
Mario Hoops 3-on-3,Nintendo,3.5,132,Sport,1800,2,0.0
Mario Power Tennis,Nintendo,3.5,150,Sport,1900,6,0.0
Keep Talking and Nobody Explodes,Steel Crate Games,3.7,144,Card & Board Game,2000,26,0.01
The Swapper,Facepalm Games,3.4,130,Adventure,1100,10,0.01
Ms. Pac-Man,"Atari, Inc.",3.6,198,Arcade,1600,1,0.0
Gun,Activision,3.3,131,Adventure,1400,5,0.0
Naruto: Ultimate Ninja 3,Bandai,3.5,120,Fighting,1900,2,0.0
The Ultimate Doom,id Software,4.1,148,Shooter,1200,36,0.03
Superman: The New Superman Adventures,Titus Software,0.7,69,Adventure,859,2,0.0
Ruiner,Reikon Games,3.2,177,Adventure,1100,38,0.03
The Lord of the Rings: The Two Towers,Electronic Arts,3.3,100,Adventure,1600,8,0.01
Dragon Quest II: Luminaries of the Legendary Line,Chunsoft,3.0,215,RPG,891,40,0.04
Chivalry: Medieval Warfare,Torn Banner Studios,2.9,73,Brawler,1600,2,0.0
FIFA 14,EA Sports,3.2,92,Sport,2200,8,0.0
Bit.Trip Runner,Gaijin Games,3.1,58,Arcade,1200,7,0.01
Pokémon Pinball: Ruby & Sapphire,Nintendo,3.5,135,Adventure,1600,23,0.01
FIFA 13,Electronic Arts,3.2,62,Simulator,1600,2,0.0
La-Mulana,GR3 Project,3.9,170,Adventure,492,30,0.06
The Warriors,Rockstar Toronto,3.9,182,Brawler,927,10,0.01
Mortal Kombat XL,NetherRealm Studios,3.6,95,Fighting,1100,10,0.01
Anonymous;Code,5pb.,4.2,40,Adventure,8,1,0.12
Higurashi no Naku Koro ni: Chapter 2 - Watanagashi,MangaGamer,3.7,118,Adventure,1200,49,0.04
Aokana: Four Rhythms Across the Blue,sprite,3.9,32,Adventure,164,20,0.12
Shantae and the Seven Sirens,WayForward Technologies,3.5,118,Adventure,512,31,0.06
Mega Man ZX Advent,Inti Creates,3.6,173,Adventure,976,19,0.02
Slither.io,Lowtech Studios,2.2,46,Arcade,2100,1,0.0
Twisted Metal,Eat Sleep Play Inc.,3.1,117,Fighting,986,1,0.0
Dragon Age: Origins - Awakening,BioWare Edmonton,3.9,50,RPG,1000,14,0.01
Parasite Eve II,Square,3.4,229,RPG,763,16,0.02
The Jackbox Party Pack,"Jackbox Games, Inc.",2.9,102,Indie,1400,6,0.0
Tom Clancy's Splinter Cell: Pandora Tomorrow,Ubisoft Shanghai,3.4,137,Shooter,1000,7,0.01
Payday: The Heist,Overkill Software,2.9,55,Shooter,1300,4,0.0
Pokémon Rumble Blast,Nintendo,2.9,96,Adventure,1200,8,0.01
Nicktoons Unite!,THQ,2.5,52,Adventure,785,2,0.0
Ruined King: A League of Legends Story,Riot Forge,3.6,68,Adventure,413,63,0.15
Picross S3,Jupiter Corp.,3.9,26,Puzzle,187,16,0.09
Lisa the Joyful,Dingaling,3.7,126,Adventure,1000,7,0.01
The King of Fighters '98,SNK,3.9,231,Fighting,1500,15,0.01
Kingdoms of Amalur: Reckoning,38 Studios,3.2,99,Brawler,1200,22,0.02
Grand Theft Auto,DMA Design,2.5,181,Adventure,1600,4,0.0
Europa Universalis IV,Paradox Interactive,3.8,135,Real Time Strategy,1300,76,0.06
Sonic the Hedgehog 2,Aspect Co. Ltd,2.8,157,Adventure,1400,6,0.0
Guitar Hero 5,Activision,3.2,63,Music,1100,0,0.0
Silent Hill: Homecoming,Double Helix Games,2.1,206,Adventure,1300,18,0.01
Mighty No. 9,Inti Creates,1.6,137,Adventure,907,5,0.01
Dragon Ball GT: Final Bout,Tose,1.8,83,Fighting,1200,2,0.0
Killzone 3,Guerrilla Games,3.1,155,Shooter,1300,6,0.0
WWE SmackDown vs. Raw 2008,THQ,3.1,62,Fighting,1400,1,0.0
Children of Morta,Dead Mage,3.4,153,Adventure,727,54,0.07
The Godfather,Electronic Arts,3.6,121,Adventure,1100,2,0.0
Billy Hatcher and the Giant Egg,Sonic Team,3.1,133,Platform,797,12,0.02
Tekken Tag Tournament 2,Bandai Namco Entertainment,3.8,211,Fighting,1700,7,0.0
Bloons TD 5,Ninja Kiwi,3.6,62,Simulator,1600,15,0.01
JoJo's Bizarre Adventure,Capcom,3.7,65,Fighting,634,10,0.02
Another World,Virgin Interactive Entertainment (Europe) Ltd.,3.3,232,Adventure,939,8,0.01
Back to the Future: The Game,Telltale Games,3.2,94,Adventure,763,5,0.01
Team Sonic Racing,Sumo Digital,2.9,264,Arcade,1500,49,0.03
Dragon's Dogma,Capcom,3.7,210,Brawler,1100,45,0.04
Baldur's Gate 3,Larian Studios,4.1,165,Adventure,269,79,0.29
The LEGO Movie Videogame,WB Games,2.8,184,Adventure,1700,11,0.01
